,标题,地区,具体位置,类型,均价/平方米每元,室厅数,面积,标签,总价,对数均价/平方米每元,对数总价,对数面积
0,越秀大学星汇锦城,番禺,南村东线路越秀大学星汇锦城,在售,30000.0,3,98.0,"住宅,低单价,低总价,绿化率高,人车分流",292.5,10.308952660644293,5.678464666671911,4.584967478670571
1,万科黄埔新城,黄埔,南岗街沙步大路2号,在售,33000.0,3,109.0,"住宅,优惠楼盘,低总价,车位充足,绿化率高",367.5,10.404262840448617,5.906723318652891,4.6913478822291435
2,中建未来方洲,黄埔,石化路中建未来方洲,待售,42000.0,3,109.0,"住宅,低总价,车位充足,绿化率高,国央企",350.0,10.645424897265505,5.857933154483459,4.6913478822291435
3,合景誉山国际,增城,增城区新新大道合景誉山国际营销中心,在售,10000.0,3,108.0,"住宅,低单价,低总价,绿化率高,人车分流",80.0,9.210340371976182,4.382026634673881,4.68213122712422
4,中旅名门府,花都,G107中旅名门府,在售,18500.0,2,98.0,"住宅,低总价,车位充足,绿化率高,国央企",200.0,9.825526011066415,5.298317366548036,4.584967478670571
5,合生中央城（住宅）,黄埔,广州市黄埔区岗荔街8号,在售,33000.0,3,127.0,"住宅,低总价,绿化率高,人车分流,入户花园",482.5,10.404262840448617,6.178980920779041,4.844187086458591
6,景业东湖洲豪园,南沙,广东省广州市南沙区环市大道南横地铁站200米,在售,26000.0,3,108.0,"住宅,车位充足,低密居所,置换改善,养老舒适",325.0,10.165851817003619,5.783825182329737,4.68213122712422
7,天健汇,天河,车陂北路（天坤三路与健明四路交汇处）,在售,37500.0,1,43.5,"商业类,低总价,人车分流,小型社区,国央企",117.5,10.532096211958502,4.7664383335842135,3.7727609380946383
8,南沙珠江湾,南沙,漾滨路和海滨路交汇处,在售,30000.0,3,109.0,"商业,人车分流,大型社区,品牌房企,贴心物业",318.0,10.308952660644293,5.762051382780177,4.6913478822291435
9,碧桂园云顶,增城,广东省广州市增城区广惠高速路口西侧50米,在售,21000.0,3,147.5,"住宅,车位充足,人车分流,品牌房企,水系园林",270.0,9.95227771670556,5.598421958998374,4.993828175779875
10,智杰雅筑,从化,向阳路32号,待售,11000.0,3,166.0,"住宅,绿化率高,人车分流,入户花园,贴心物业",140.0,9.305650551780507,4.941642422609304,5.111987788356543
11,新世界凯粤湾,荔湾,芳村大道西236号,在售,43000.0,3,114.0,"住宅,绿化率高,人车分流,品牌房企,入户花园",549.0,10.668955394675699,6.3080984415095305,4.736198448394496
12,东方名都,增城,东江大道北8号,在售,19000.0,2,91.0,"住宅,绿化率高,人车分流,入户花园,健身跑道",274.0,9.852194258148577,5.6131281063880705,4.51085950651685
13,广州敏捷绿湖首府,增城,石滩镇新城大道石滩中学北侧400米,在售,10000.0,2,97.0,"住宅,低单价,低总价,绿化率高,人车分流",92.0,9.210340371976182,4.5217885770490405,4.574710978503383
14,顺欣花园,增城,荔新十二路98号,在售,14800.0,2,109.0,"住宅,人车分流,大型社区,儿童乐园,地铁沿线",175.15,9.602382459752207,5.165642749643496,4.6913478822291435
15,中森茗苑,增城,新塘石新路168号,在售,21000.0,3,86.5,"住宅,人车分流,封闭管理,入户花园,儿童乐园",187.0,9.95227771670556,5.231108616854587,4.460144413937833
16,新鸿基御华园,花都,广州花都狮岭狮岭大道东1号,在售,15000.0,2,93.0,"住宅,低单价,低总价,人车分流,大型社区",134.0,9.615805480084347,4.897839799950911,4.532599493153255
17,雍晟岭南雅苑,从化,江埔街大江路13号,在售,16000.0,3,89.0,"住宅,绿化率高,人车分流,品牌房企,入户花园",145.0,9.680344001221918,4.976733742420574,4.48863636973214
18,霍英东集团·南天名苑,番禺,洛浦街洛溪环岛北路8号,在售,90000.0,4,310.0,"住宅,车位充足,低密居所,国央企,置换改善",3710.0,11.407564949312402,8.21878715560148,5.736572297479192
19,卓粤卓雅名苑,花都,建设北路223号,在售,14500.0,2,101.0,"住宅,低单价,低总价,车位充足,绿化率高",155.0,9.581903928408666,5.043425116919247,4.61512051684126
20,万科幸福誉1期,黄埔,中新知识城•地铁何棠下站（麦当劳旁）,在售,31000.0,4,116.0,"住宅,车位充足,绿化率高,国央企,品牌房企",550.0,10.341742483467282,6.309918278226516,4.7535901911063645
21,科城山庄峻森园,黄埔,峻祥路与峻福路交汇处,待售,41000.0,3,124.0,"住宅,大型社区,近地铁,地铁沿线,大平层",600.0,10.621327345686444,6.396929655216146,4.820281565605037
22,珠江国际城,从化,广州地铁14号线神岗站A出口前行约400米,在售,9500.0,3,141.5,"住宅,优惠楼盘,低单价,车位充足,绿化率高",202.5,9.159047077588632,5.310739886546593,4.952299717083292
24,富雅都市华庭,增城,汇太东路233号,在售,15600.0,2,77.0,"住宅,人车分流,大型社区,避暑,儿童乐园",142.5,9.655026193237628,4.959341999708705,4.343805421853684
25,珠光山水御苑,从化,广州市从化温泉大道13号,在售,8000.0,4,156.0,"住宅,低单价,车位充足,绿化率高,健身跑道",175.0,8.987196820661973,5.164785973923514,5.049856007249537
26,致岭假日花园,花都,花都狮岭大道6号,在售,14500.0,3,102.5,"住宅,低单价,低总价,车位充足,绿化率高",162.5,9.581903928408666,5.090678001769792,4.629862798578463
27,尚东阳光雅苑,增城,新塘镇西宁西路618号,在售,14000.0,1,96.0,"住宅,绿化率高,人车分流,品牌房企,入户花园",135.0,9.546812608597396,4.90527477843843,4.564348191467836
28,荔富湖畔,增城,朱村街朱村大道东88号,在售,14000.0,3,136.0,"住宅,车位充足,绿化率高,品牌房企,入户花园",188.5,9.546812608597396,5.2390980068880655,4.9126548857360515
29,南沙金茂湾,南沙,南沙明珠湾灵山岛尖沙嘴中路以南,在售,19000.0,1,184.0,"商业类,低总价,车位充足,大型社区,国央企",455.0,9.852194258148577,6.12029741895095,5.214935757608986
30,湾际·滨江,南沙,滨海路和倚涛三街交汇处,在售,26000.0,4,130.5,"住宅,低总价,人车分流,大型社区,品牌房企",265.0,10.165851817003619,5.579729825986222,4.871373226762748
31,海珠湖景峰,海珠,南洲路761号-819号,在售,38000.0,2,101.0,"住宅,低总价,车位充足,绿化率高,多轨交汇",258.0,10.545341438708522,5.552959584921617,4.61512051684126
32,臻尚苑,番禺,广州市番禺区石壁街道石洲中路100号,在售,43000.0,2,107.0,"住宅,绿化率高,人车分流,入户花园,中式建筑",437.0,10.668955394675699,6.07993319509559,4.672828834461906
33,合汇·中央广场,增城,荔景大道合汇·中央广场,在售,21000.0,2,126.0,"住宅,人车分流,大型社区,品牌房企,入户花园",420.5,9.95227771670556,6.041444479413003,4.836281906951478
34,大城云山,从化,广从南路1033号,在售,13000.0,3,131.5,"住宅,绿化率高,低密居所,置换改善,高品质小区",250.0,9.472704636443673,5.521460917862246,4.879006851617819
35,越秀星汇云城,白云,广州大道北同宝路163号,在售,53000.0,4,100.0,"住宅,车位充足,绿化率高,国央企,入户花园",670.0,10.87804719253426,6.507277712385012,4.605170185988091
36,珠江源昌花园,南沙,珠江街新广三路1号,在售,20000.0,3,101.0,"住宅,低单价,低总价,绿化率高,人车分流",242.5,9.903487552536127,5.491001710377538,4.61512051684126
37,江源半岛花园,天河,黄埔大道车陂南路1、3、5、7号(4、5号线地铁交汇处南侧),在售,100000.0,2,98.5,"住宅,绿化率高,人车分流,品牌房企,近地铁",796.5,11.512925464970229,6.6802271293501025,4.590056548178043
38,惠百氏广场,增城,增城新塘大林边路6号（13号线白江站D1口100米）,在售,16000.0,2,102.5,"住宅,人车分流,大型社区,自持商业,近地铁",182.5,9.680344001221918,5.206750173022546,4.629862798578463
39,仁安花园,增城,广州市增城区朱村街朱宁公路1号、3号、5号,在售,11000.0,2,86.5,"住宅,低单价,低总价,绿化率高,人车分流",105.0,9.305650551780507,4.653960350157523,4.460144413937833
40,紫泉流溪湾,从化,105国道从化太平段紫泉流溪湾,在售,16000.0,3,145.5,"住宅,车位充足,绿化率高,入户花园,临近高速",195.0,9.680344001221918,5.272999558563747,4.980176086611547
41,中泰天境,黄埔,九龙镇萝岗广汕公路与九龙大道交汇处,在售,23000.0,4,130.0,"住宅,低单价,低总价,车位充足,绿化率高",300.0,10.043249494911286,5.703782474656201,4.867534450455582
42,嘉御豪庭,增城,石滩大道南128号,在售,12600.0,2,100.0,"住宅,低单价,人车分流,大型社区,儿童乐园",133.5,9.441452092939569,4.894101477840304,4.605170185988091
43,远东御江豪庭,荔湾,百花路58号（花地河畔）,待售,40000.0,3,106.0,"住宅,低总价,人车分流,小型社区,休闲会所",343.0,10.596634733096073,5.8377304471659395,4.663439094112067
44,凯德·中新里,黄埔,广州市黄埔区九龙大道地铁棠下站C口南向100米,在售,21000.0,2,108.0,"住宅,低单价,低总价,车位充足,绿化率高",250.0,9.95227771670556,5.521460917862246,4.68213122712422
45,顺丰翠园,白云,石井兆丰路120号,在售,29000.0,3,126.0,"住宅,低单价,低总价,车位充足,绿化率高",355.0,10.275051108968611,5.872117789475416,4.836281906951478
46,中海联南沙国贸中心,南沙,上隆岭路中海联南沙国贸中心,在售,13000.0,2,55.0,"商业类,低单价,低总价,人车分流,小型社区",72.0,9.472704636443673,4.276666119016055,4.007333185232471
47,家和天曜,天河,大灵山路430号,在售,33000.0,2,47.5,"商业类,低总价,绿化率高,人车分流,自持商业",161.0,10.404262840448617,5.081404364984463,3.8607297110405954
48,中海亚运城,番禺,广州市番禺区康体路亚运城销售中心（4号线海傍站A出口）,在售,26000.0,2,168.5,"住宅,低单价,低总价,绿化率高,人车分流",473.5,10.165851817003619,6.160151912626133,5.126935749792416
49,华标峰湖御境,黄埔,广州市黄埔区广汕公路与天鹿南路交汇处 广州地铁6号线黄陂地铁站（导航地址：华标峰湖御境售楼部）,在售,57000.0,6,488.0,"住宅,车位充足,低密居所,置换改善,养老舒适",2520.0,10.950806546816686,7.832014180505468,6.190315405853147
50,南沙珠江湾,南沙,漾滨路和海滨路交汇处,在售,16800.0,1,67.0,"商业类,低单价,低总价,人车分流,大型社区",97.5,9.72913416539135,4.579852378003801,4.204692619390966
51,尚上名筑,番禺,亚运大道尚上名筑,在售,24000.0,2,107.5,"住宅,低单价,低总价,绿化率高,人车分流",285.0,10.085809109330082,5.652489180268651,4.677490847567717
52,金泽豪庭,增城,广州市增城区新塘镇金泽路1号,在售,16500.0,3,87.0,"住宅,人车分流,大型社区,近地铁,地铁沿线",174.5,9.711115659888671,5.161924741642482,4.465908118654584
53,金融街花溪小镇,花都,花都大道东228号,在售,10000.0,1,101.5,"住宅,低单价,低总价,车位充足,绿化率高",127.5,9.210340371976182,4.84811636459848,4.620058798481842
54,华海·悦湾,南沙,广州市南沙区黄山鲁森林公园东门,在售,18178.0,2,98.5,"住宅,低单价,低总价,车位充足,人车分流",200.5,9.807967350678716,5.300814246746624,4.590056548178043
55,中鼎名汇,黄埔,广东省广州市黄埔区丰乐北路68号,在售,23500.0,1,67.5,"商业类,低总价,绿化率高,人车分流,贴心物业",165.0,10.06475570013225,5.10594547390058,4.212127597878484
56,越秀星汇海珠湾,海珠,广州市海珠区工业大道中广纸路40号,在售,30000.0,3,128.0,"商业类,绿化率高,人车分流,国央企,品牌房企",520.0,10.308952660644293,6.253828811575473,4.852030263919617
57,金时花园,增城,增江街纬六路5号,在售,9980.0,2,112.0,"住宅,低单价,低总价,车位充足,人车分流",112.0,9.20833836930551,4.718498871295094,4.718498871295094
58,石滩第一城,增城,广州市增城区石滩镇立新东路56号,在售,12000.0,3,110.5,"住宅,低单价,低总价,车位充足,人车分流",157.5,9.392661928770137,5.059425458265688,4.705015520957807
59,雅宝新城,花都,新华街平步大道中131号,在售,16800.0,3,147.5,"住宅,低单价,低总价,车位充足,绿化率高",199.5,9.72913416539135,5.295814236329918,4.993828175779875
60,山璟轩,增城,新塘镇广深大道东107号（新塘牛仔城对面）,在售,19500.0,3,74.5,"住宅,小型社区,封闭管理,地铁沿线,公交直达",160.0,9.878169744551839,5.075173815233827,4.310799125385514
61,汇港威华雅苑,增城,朱村大道东178号,在售,12000.0,3,99.0,"住宅,低单价,低总价,车位充足,人车分流",136.0,9.392661928770137,4.9126548857360515,4.59511985013459
62,源海仙村一号,增城,荔新大道与仙村大道交汇处,在售,12500.0,2,107.5,"住宅,低单价,车位充足,人车分流,入户花园",175.0,9.433483923290392,5.164785973923514,4.677490847567717
63,元邦山清水秀,花都,山前大道1242号,在售,8800.0,3,115.5,"住宅,低单价,低总价,绿化率高,低密居所",119.5,9.082507000466297,4.783316371371566,4.749270529961848
64,三江盛汇,增城,石滩镇沙庄光明西路100号,待售,12000.0,3,127.5,"住宅,低单价,低总价,绿化率高,大三居",154.0,9.392661928770137,5.036952602413629,4.84811636459848
65,天马丽苑·悦璟湾,花都,新街大道望亭路8号,在售,32000.0,4,122.0,"住宅,车位充足,绿化率高,置换改善,养老舒适",421.0,10.373491181781864,6.042632833682381,4.804021044733257
66,合和新城,花都,广东省广州市花都区迎宾大道3号,在售,21500.0,2,141.0,"住宅,车位充足,大型社区,近地铁,地铁沿线",318.5,9.975808214115753,5.763622475012218,4.948759890378168
67,南沙湾御苑,南沙,进港大道和港前大道交汇处,在售,22000.0,4,166.0,"住宅,车位充足,低密居所,置换改善,养老舒适",660.0,9.998797732340453,6.492239835020471,5.111987788356543
68,叠溪花园,增城,朱村街道朱石路以东,在售,10500.0,3,101.5,"住宅,低单价,低总价,车位充足,人车分流",109.0,9.259130536145614,4.6913478822291435,4.620058798481842
69,大宏锦绣,南沙,环市大道南南沙小学对面300米处,在售,25000.0,3,132.5,"住宅,车位充足,人车分流,自持商业,近地铁",335.0,10.126631103850338,5.814130531825066,4.886582645426277
70,绿地珑玥府,增城,大道南（纬四路口）,在售,17000.0,3,118.0,"住宅,车位充足,人车分流,国央企,品牌房企",209.0,9.740968623038352,5.342334251964811,4.770684624465664
71,增城一品山湖,增城,增江街初溪村（广东工业大学华立学院旁和新建的北汽汽车城对面）,在售,11000.0,3,128.0,"住宅,低单价,低总价,人车分流,大型社区",150.5,9.305650551780507,5.01396308418893,4.852030263919617
72,中交汇通中心,南沙,江灵北路和纵三路交汇处,在售,38000.0,3,109.0,"底商,车位充足,人车分流,国央企,品牌房企",400.0,10.545341438708522,5.991464547107982,4.6913478822291435
73,合生湖山国际,增城,广州增城新塘镇陈家林路合生湖山国际营销中心,在售,16500.0,2,107.5,"住宅,大型社区,封闭管理,品牌房企,儿童乐园",178.5,9.711115659888671,5.184588601219693,4.677490847567717
74,众筑•东山学府,越秀,东风东路737号（东风东路小学对面）,待售,18339.0,3,51.5,"住宅,人车分流,小型社区,近地铁,多轨交汇",337.5,9.816785218696834,5.821565510312585,3.9415818076696905
75,万科海上传奇,荔湾,芳村大道珠江隧道口以西,待售,18339.0,3,109.0,"底商,车位充足,小型社区,国央企,品牌房企",337.5,9.816785218696834,5.821565510312585,4.6913478822291435
76,嘉东广场,从化,从城大道旁（大广高速城郊出口右转600米）,在售,12000.0,2,104.0,"商业类,绿化率高,人车分流,儿童乐园,公交直达",125.5,9.392661928770137,4.832305758571838,4.6443908991413725
77,合景誉山国际,增城,新新公路合景誉山国际,在售,8500.0,2,40.5,"商业类,低单价,低总价,绿化率高,人车分流",43.0,9.047821442478407,3.7612001156935624,3.7013019741124933
78,腾步大厦,花都,迎宾大道4号,待售,18339.0,3,109.0,"商业,小型社区,公交直达,综合商场,超市",337.5,9.816785218696834,5.821565510312585,4.6913478822291435
79,腾步大厦,花都,迎宾大道4号,待售,18339.0,3,109.0,"写字楼,小型社区,公交直达,综合商场,超市",337.5,9.816785218696834,5.821565510312585,4.6913478822291435
80,广州国际空港中心,花都,迎宾大道以南,在售,12000.0,3,38.0,"商业类,低单价,低总价,绿化率高,人车分流",46.0,9.392661928770137,3.828641396489095,3.6375861597263857
81,都湖国际,花都,新华路96号,在售,28000.0,4,164.5,"住宅,车位充足,绿化率高,品牌房企,地铁沿线",679.0,10.239959789157341,6.520621127558696,5.1029105702054265
82,招商臻园,增城,广园快速荔新出口新塘万达旁,在售,18000.0,3,119.0,"住宅,车位充足,人车分流,国央企,品牌房企",307.5,9.798127036878302,5.728475087246572,4.77912349311153
83,东江逸珑湾,增城,沿江大道39号（甘泉小学东侧）,在售,21000.0,3,125.5,"住宅,人车分流,大型社区,品牌房企,贴心物业",295.0,9.95227771670556,5.686975356339819,4.832305758571838
84,世茂珠江天鹅湾,海珠,革新路126号,待售,130000.0,3,265.5,"住宅,车位充足,绿化率高,品牌房企,健身跑道",3000.0,11.77528972943772,8.006367567650246,5.581614840681993
85,敏捷尚品国际,南沙,进港大道183号,在售,10000.0,2,75.0,"商业类,低单价,低总价,大型社区,品牌房企",65.0,9.210340371976182,4.174387269895637,4.31748811353631
86,越秀臻悦府,花都,花都湖•凤凰南路,在售,30000.0,4,110.0,"住宅,车位充足,绿化率高,国央企,品牌房企",350.0,10.308952660644293,5.857933154483459,4.700480365792416
87,珠江花城,天河,东圃岐山183号,在售,57000.0,3,108.0,"住宅,绿化率高,人车分流,国央企,品牌房企",645.0,10.950806546816686,6.4692503167957724,4.68213122712422
88,保利金沙大都汇,白云,环洲二路86号（沙贝地铁站A1出口）,在售,70000.0,3,109.0,"商业,低总价,车位充足,人车分流,国央企",580.0,11.156250521031495,6.363028103540465,4.6913478822291435
89,花悦台,花都,狮岭金狮大道四街花悦台销售中心,在售,9000.0,3,88.0,"住宅,低单价,低总价,人车分流,小型社区",80.5,9.104979856318357,4.388257184424518,4.477336814478206
90,逸合中心,荔湾,浣花路荔湾儿童公园西侧,在售,34000.0,3,44.5,"商业类,低总价,人车分流,封闭管理,品牌房企",155.0,10.434115803598297,5.043425116919247,3.7954891891721942
91,星图TOD,增城,地铁13号线官湖车辆段（官湖站B出口）,在售,21000.0,1,106.5,"住宅,车位充足,人车分流,国央企,品牌房企",306.0,9.95227771670556,5.723585101952381,4.66814498514948
92,粤泰荣廷府,越秀,东华西路52-56号,待售,18339.0,3,109.0,"住宅,人车分流,小型社区,品牌房企,近地铁",337.5,9.816785218696834,5.821565510312585,4.6913478822291435
93,中洲公馆,番禺,市桥北桥路1号,在售,35000.0,3,63.0,"商业类,车位充足,绿化率高,品牌房企,贴心物业",147.0,10.46310334047155,4.990432586778736,4.143134726391533
94,天河金街,天河,天河北路曜一城广场负一楼,待售,18339.0,3,109.0,"商业,车位充足,小型社区,近地铁,地铁沿线",337.5,9.816785218696834,5.821565510312585,4.6913478822291435
95,美的云筑,南沙,广州市南沙区东涌镇鱼窝头体育文化广场对面,在售,21000.0,3,105.0,"住宅,低单价,低总价,车位充足,绿化率高",230.0,9.95227771670556,5.438079308923196,4.653960350157523
96,祈福万景峰,花都,新华街望岗路6号,在售,15900.0,2,101.5,"住宅,低单价,低总价,人车分流,大型社区",176.5,9.674074388208323,5.173320876373351,4.620058798481842
97,侨建御溪谷北区,增城,风光路399号,在售,24000.0,4,285.0,"住宅,车位充足,绿化率高,置换改善,近地铁",680.0,10.085809109330082,6.522092798170152,5.652489180268651
98,天睿,番禺,石北工业路（大石地铁站与会江地铁站之间）,在售,22000.0,2,111.0,"商业类,绿化率高,人车分流,置换改善,贴心物业",682.5,9.998797732340453,6.525762527059115,4.709530201312334
99,临港国际商务大厦,南沙,龙穴大道中123号,待售,23000.0,3,109.0,"写字楼,小型社区,公交直达,近主干道,现房",337.5,10.043249494911286,5.821565510312585,4.6913478822291435
100,珠江铂世湾,番禺,万博.江山高尔夫俱乐部东侧,在售,45000.0,3,121.5,"住宅,车位充足,绿化率高,品牌房企,入户花园",510.0,10.714417768752456,6.234410725718371,4.799914262780603
101,淘金半山御庭,越秀,淘金西街18号,在售,110000.0,3,153.5,"住宅,绿化率高,人车分流,贴心物业,近地铁",2226.5,11.608235644774552,7.708186124761757,5.033700567027251
102,汇金国际金融中心,天河,黄埔大道中660号,在售,50000.0,3,109.0,"写字楼,车位充足,人车分流,国央企,品牌房企",405.0,10.819778284410283,6.003887067106539,4.6913478822291435
103,汇金国际金融中心,天河,黄埔大道中660号,在售,43000.0,3,109.0,"商业,车位充足,大型社区,国央企,品牌房企",800.0,10.668955394675699,6.684611727667927,4.6913478822291435
104,合家和府,从化,城郊街城新路136号,在售,12000.0,2,107.0,"住宅,车位充足,绿化率高,儿童乐园,公交直达",165.5,9.392661928770137,5.1089711948171175,4.672828834461906
105,保利金沙大都汇,白云,环洲二路86号（沙贝地铁站A1出口）,在售,27000.0,2,57.5,"商业类,人车分流,大型社区,国央企,品牌房企",110.5,10.203592144986466,4.705015520957807,4.051784947803305
106,中交汇通中心,南沙,江灵北路和纵三路交汇处,在售,22000.0,1,75.5,"商业类,低总价,人车分流,大型社区,国央企",135.5,9.998797732340453,4.908971640319756,4.324132656254979
107,香江天赋,增城,广园东开创大道北埔南路翡翠绿洲内部,在售,27000.0,4,146.0,"住宅,车位充足,人车分流,品牌房企,健身跑道",280.0,10.203592144986466,5.634789603169249,4.983606621708336
108,惠百氏广场,增城,广深大道西180,在售,18339.0,3,109.0,"商业,大型社区,近地铁,地铁沿线,已交房2年内",337.5,9.816785218696834,5.821565510312585,4.6913478822291435
109,广州钢铁博汇,黄埔,广州经济技术开发区西基工业区西基路,待售,32000.0,3,109.0,"商业,低总价,大型社区,国央企,品牌房企",345.0,10.373491181781864,5.843544417031359,4.6913478822291435
110,建发央玺,白云,石潭路568号,在售,40000.0,5,147.0,"住宅,车位充足,人车分流,国央企,品牌房企",780.0,10.596634733096073,6.659293919683638,4.990432586778736
111,祈福黄金海岸,花都,赤泥镇培正大道集益水库（培正学院旁）,在售,7888.0,2,112.0,"住宅,低单价,低总价,绿化率高,低密居所",88.0,8.973097896282471,4.477336814478206,4.718498871295094
112,首创碧桂园悦山府,增城,增江区狮尾路2号,在售,11000.0,3,105.5,"住宅,低单价,低总价,车位充足,绿化率高",122.5,9.305650551780507,4.808111029984781,4.658710952916121
113,沁园,黄埔,开源大道201号,在售,66000.0,3,268.5,"商业类,车位充足,绿化率高,置换改善,休闲会所",1900.0,11.097410021008562,7.549609165154531,5.5928509139489195
114,海航白云YH城,白云,鹤龙一路208号,待售,18339.0,3,109.0,"商业,小型社区,品牌房企,地铁沿线,公交直达",337.5,9.816785218696834,5.821565510312585,4.6913478822291435
115,仟信广场,从化,仟信街12号,在售,13600.0,3,129.0,"住宅,车位充足,绿化率高,儿童乐园,近地铁",250.0,9.517825071724143,5.521460917862246,4.859812404361672
116,中冶·逸璟台,黄埔,永顺大道长岭路以北（长岭居小学西北侧300米）,在售,50000.0,5,154.0,"住宅,车位充足,绿化率高,国央企,品牌房企",1000.0,10.819778284410283,6.907755278982137,5.036952602413629
117,合汇璟园,增城,荔城街荔湖大道397号,在售,35000.0,4,228.5,"商业类,车位充足,人车分流,置换改善,品牌房企",900.0,10.46310334047155,6.802394763324311,5.431536210334259
118,康大龙祥汇,黄埔,中新知识城旺村地铁站旁,在售,50000.0,4,140.0,"住宅,低总价,车位充足,绿化率高,国央企",595.0,10.819778284410283,6.388561405545629,4.941642422609304
119,保利时代,从化,广东省广州市从化区灌村路凤鸣西四街5号,在售,12500.0,2,87.0,"住宅,低总价,车位充足,绿化率高,国央企",194.0,9.433483923290392,5.267858159063328,4.465908118654584
120,中国中铁·诺德名著,增城,荔城街明慧路12号,在售,18000.0,3,113.0,"住宅,车位充足,人车分流,国央企,品牌房企",247.5,9.798127036878302,5.511410582008745,4.727387818712341
121,珠光御景壹號,荔湾,黄沙大道15-17号,在售,65000.0,2,75.0,"商业类,绿化率高,人车分流,休闲会所,自持商业",470.0,11.082142548877775,6.152732694704104,4.31748811353631
122,方舟公馆,荔湾,东沙大道16号,在售,18339.0,3,109.0,"商业,车位充足,人车分流,贴心物业,自持商业",337.5,9.816785218696834,5.821565510312585,4.6913478822291435
123,岭南V谷,荔湾,花地大道南657号,在售,20000.0,3,109.0,"写字楼,人车分流,大型社区,国央企,品牌房企",150.0,9.903487552536127,5.0106352940962555,4.6913478822291435
124,岭南V谷,荔湾,花地大道南657号,在售,21000.0,1,50.0,"商业类,低单价,低总价,绿化率高,人车分流",110.0,9.95227771670556,4.700480365792416,3.912023005428146
125,大壮名城,黄埔,开泰大道与科丰路交汇处,在售,55000.0,3,165.0,"住宅,车位充足,绿化率高,自持商业,近地铁",1092.5,10.915088464214607,6.996223926969745,5.10594547390058
126,天健云山府,白云,白云大道南397号,在售,110000.0,3,109.5,"住宅,车位充足,人车分流,国央企,品牌房企",1303.5,11.608235644774552,7.172808233373556,4.695924549256556
127,百花山庄,增城,百花路88号,在售,20000.0,3,175.0,"住宅,车位充足,绿化率高,置换改善,私属庭院",315.0,9.903487552536127,5.752572638825633,5.164785973923514
128,保利中海金地·大国璟,增城,增城大道南467号,在售,14000.0,3,98.5,"住宅,低总价,车位充足,大型社区,国央企",165.0,9.546812608597396,5.10594547390058,4.590056548178043
129,时代绿庭山语,南沙,潭灵大道大岗镇政府旁,待售,21000.0,2,81.5,"住宅,低单价,低总价,绿化率高,人车分流",227.5,9.95227771670556,5.427150238391005,4.400603020246817
130,广地花园,番禺,广州番禺华快出口左侧,在售,35000.0,2,120.5,"住宅,低总价,车位充足,低密居所,置换改善",425.0,10.46310334047155,6.052089168924416,4.791649752930709
131,天健云山府,白云,白云大道南397号,在售,60000.0,3,109.0,"底商,车位充足,人车分流,国央企,品牌房企",350.0,11.002099841204238,5.857933154483459,4.6913478822291435
132,越秀星汇海珠湾204地块滨水独栋商业,海珠,广州市海珠区广纸路40号,在售,62000.0,3,109.0,"商业,大型社区,国央企,品牌房企,近地铁",4050.0,11.034889664027228,8.306472160100585,4.6913478822291435
133,广州大学城智慧谷,番禺,曾边大街思科智慧城,在售,28600.0,1,340.0,"写字楼,人车分流,大型社区,品牌房企,入户花园",1500.0,10.261161996807944,7.313220387090301,5.828945617610207
134,星悦轩,白云,黄石西顺兴路31-35号,在售,32000.0,3,92.0,"住宅,低总价,车位充足,人车分流,地铁沿线",322.0,10.373491181781864,5.7745515455444085,4.5217885770490405
135,鸿成珠江玥,南沙,广州市珠江街新广六路112号,在售,19000.0,2,88.5,"住宅,低单价,低总价,绿化率高,低密居所",195.0,9.852194258148577,5.272999558563747,4.483002552013883
136,中海熙园,南沙,东涌吉祥西路（文化广场旁）,在售,48000.0,4,109.5,"住宅,绿化率高,低密居所,国央企,置换改善",640.0,10.778956289890028,6.461468176353717,4.695924549256556
137,保利国际金融中心（花都）,花都,三东大道以北、天贵路以西，花都三东大道与天贵路交汇处（区政府旁）,在售,18000.0,1,347.0,"写字楼,车位充足,人车分流,国央企,品牌房企",625.0,9.798127036878302,6.437751649736401,5.849324779946859
138,新世界云逸,白云,白云新城CBD嘉禾望岗地铁A出口300米,待售,18339.0,3,109.0,"底商,大型社区,品牌房企,近地铁,地铁沿线",337.5,9.816785218696834,5.821565510312585,4.6913478822291435
139,美的云筑,南沙,鱼窝头体育文化广场对面,待售,18339.0,3,109.0,"商业,人车分流,小型社区,品牌房企,健身跑道",337.5,9.816785218696834,5.821565510312585,4.6913478822291435
140,鸿成珠江玥,南沙,珠江街西新二路（西新社区旁）,待售,18339.0,3,109.0,"商业,小型社区,地铁沿线,公交直达,现房",337.5,9.816785218696834,5.821565510312585,4.6913478822291435
141,中交蓝色海湾,南沙,港前大道南沙客运港对面,待售,18339.0,3,109.0,"商业,车位充足,大型社区,国央企,品牌房企",337.5,9.816785218696834,5.821565510312585,4.6913478822291435
142,中交蓝色海湾,南沙,港前大道南沙客运港对面,待售,18339.0,3,109.0,"写字楼,车位充足,大型社区,国央企,品牌房企",337.5,9.816785218696834,5.821565510312585,4.6913478822291435
143,大壮国际广场,黄埔,开泰大道601号,待售,18339.0,3,109.0,"商业,大型社区,近地铁,地铁沿线,综合商场",337.5,9.816785218696834,5.821565510312585,4.6913478822291435
144,合家和府,从化,城郊街城新路136号,待售,18339.0,3,109.0,"商业,人车分流,小型社区,公交直达,开发区",337.5,9.816785218696834,5.821565510312585,4.6913478822291435
145,嘉骏幸福里,从化,广州市从化区城郊安园街43号,待售,18339.0,3,109.0,"商业,人车分流,小型社区,健身跑道,贴心物业",337.5,9.816785218696834,5.821565510312585,4.6913478822291435
146,华润置地润悦,增城,增城大道475号,在售,12500.0,3,110.0,"住宅,低单价,低总价,车位充足,人车分流",192.5,9.433483923290392,5.260096153727838,4.700480365792416
147,越秀臻悦府,花都,"凤凰南路, 越秀臻悦府",待售,18339.0,3,109.0,"商业,车位充足,人车分流,国央企,品牌房企",337.5,9.816785218696834,5.821565510312585,4.6913478822291435
148,广州敏捷绿湖首府,增城,挂绿新城石滩广场旁(地铁16号线石滩站),在售,25000.0,1,338.0,"商业,人车分流,大型社区,品牌房企,健身跑道",400.0,10.126631103850338,5.991464547107982,5.823045895483019
149,时代绿庭山语,南沙,潭灵大道大岗镇政府旁,待售,25000.0,3,109.0,"商业,车位充足,人车分流,品牌房企,健身跑道",200.0,10.126631103850338,5.298317366548036,4.6913478822291435
150,源海仙村一号,增城,荔新大道与仙村大道交汇处,在售,20000.0,3,109.0,"商业,车位充足,人车分流,水系园林,公交直达",280.0,9.903487552536127,5.634789603169249,4.6913478822291435
151,阳光城兰园翡澜花园,花都,凤凰南路汇沣水产市场B栋喜盟国际影城东侧50米处,在售,25000.0,3,106.0,"住宅,车位充足,绿化率高,品牌房企,近地铁",300.0,10.126631103850338,5.703782474656201,4.663439094112067
152,金时花园,增城,增江街纬六路5号,在售,14000.0,1,103.5,"商业,车位充足,人车分流,品牌房企,入户花园",150.5,9.546812608597396,5.01396308418893,4.639571612705423
153,招商金茂保利和府,从化,和鸣路,在售,15000.0,3,94.0,"住宅,绿化率高,人车分流,国央企,品牌房企",152.5,9.615805480084347,5.0271645960474665,4.543294782270004
154,合景朗云花园,白云,机场路3080号夏茅地铁站旁,在售,30000.0,4,106.0,"住宅,低单价,低总价,车位充足,绿化率高",320.0,10.308952660644293,5.768320995793772,4.663439094112067
155,伟腾云星,白云,鹤龙一路766-782号,在售,45000.0,2,106.0,"住宅,低总价,车位充足,绿化率高,入户花园",410.0,10.714417768752456,6.016157159698353,4.663439094112067
156,尊悦台,南沙,广州市南沙区康宁路与荔湾路交叉路口往西约50米,在售,17500.0,2,102.5,"住宅,低单价,低总价,车位充足,人车分流",190.0,9.769956159911604,5.247024072160486,4.629862798578463
157,颐德湾尚,南沙,建设一路（南沙体育馆北侧）,在售,30000.0,3,203.5,"住宅,车位充足,绿化率高,国央企,品牌房企",987.5,10.308952660644293,6.895176496775277,5.315666004882649
158,颐德湾尚,南沙,建设一路（南沙体育馆北侧）,待售,18339.0,3,109.0,"商业,人车分流,大型社区,国央企,品牌房企",337.5,9.816785218696834,5.821565510312585,4.6913478822291435
159,颐德湾尚,南沙,建设一路（南沙体育馆北侧）,待售,18339.0,3,109.0,"写字楼,人车分流,大型社区,国央企,品牌房企",337.5,9.816785218696834,5.821565510312585,4.6913478822291435
160,时代四季奕居,越秀,环市东水荫路70号,在售,18339.0,3,109.0,"住宅,绿化率高,人车分流,国央企,品牌房企",337.5,9.816785218696834,5.821565510312585,4.6913478822291435
161,嘉河湾8号,花都,荔红北路8号,在售,13500.0,2,122.5,"住宅,低单价,低总价,车位充足,绿化率高",230.0,9.51044496442652,5.438079308923196,4.808111029984781
162,品秀·星瀚,番禺,番禺区石北工业路,在售,35000.0,2,94.0,"住宅,低总价,车位充足,人车分流,国央企",360.0,10.46310334047155,5.886104031450156,4.543294782270004
163,天马河·名荟,花都,荔红南路2号,在售,14500.0,1,63.0,"住宅,低单价,低总价,小型社区,封闭管理",109.0,9.581903928408666,4.6913478822291435,4.143134726391533
164,富城华庭,增城,广汕公路增江小学西侧,在售,9000.0,2,127.5,"住宅,低单价,低总价,车位充足,人车分流",117.5,9.104979856318357,4.7664383335842135,4.84811636459848
165,中铁诺德·阅泷,白云,江高镇广花路430号,在售,24000.0,2,104.0,"住宅,低单价,低总价,车位充足,人车分流",257.5,10.085809109330082,5.551019720103791,4.6443908991413725
166,品实·云湖花城,白云,石沙路,在售,35000.0,3,105.5,"住宅,低总价,绿化率高,人车分流,国央企",447.5,10.46310334047155,6.10367653771491,4.658710952916121
167,港航中心,黄埔,黄埔大道东983号,在售,40000.0,2,99.0,"商业类,绿化率高,人车分流,国央企,品牌房企",445.5,10.596634733096073,6.0991972469108635,4.59511985013459
168,时代印记,黄埔,广东省广州市黄埔区亨美西路,在售,18000.0,3,111.5,"住宅,低单价,低总价,绿化率高,人车分流",200.0,9.798127036878302,5.298317366548036,4.7140245909001735
169,珠光金融城壹号,天河,黄埔大道东724号,在售,5000.0,3,246.5,"写字楼,低单价,车位充足,人车分流,品牌房企",3850.0,8.517193191416236,8.255828427281829,5.5073619934827445
170,凯德凯荔花园,增城,明慧路3号,在售,15500.0,3,110.0,"住宅,车位充足,人车分流,品牌房企,健身跑道",182.5,9.648595302907337,5.206750173022546,4.700480365792416
171,越秀逸泉锦翠,从化,环市东路广外实验小学东侧,在售,9800.0,3,81.5,"住宅,低总价,绿化率高,人车分流,国央企",92.0,9.190137664658662,4.5217885770490405,4.400603020246817
172,中国铁建海语熙岸,南沙,广州市南沙区美心路中国铁建海语熙岸,在售,30000.0,3,174.5,"住宅,车位充足,绿化率高,国央企,品牌房企",499.0,10.308952660644293,6.212606095751519,5.161924741642482
173,富力新城,黄埔,黄埔区东鹏大道与宏明路交界处（富力新城销售中心）,在售,25000.0,2,96.5,"住宅,低单价,低总价,绿化率高,人车分流",240.0,10.126631103850338,5.480638923341991,4.56954300834494
174,天河云商汇,天河,华观路,在售,36000.0,2,45.0,"商业类,低总价,人车分流,封闭管理,自持商业",210.0,10.491274217438246,5.3471075307174685,3.8066624897703196
175,天麟府,天河,黄埔大道中,在售,150000.0,3,163.0,"住宅,车位充足,绿化率高,品牌房企,贴心物业",2140.0,11.918390573078392,7.668561108015897,5.093750200806762
176,珠光云山壹号,白云,广州大道北云灏街157医院地块,在售,100000.0,4,215.0,"住宅,车位充足,绿化率高,置换改善,高品质小区",1700.0,11.512925464970229,7.438383530044307,5.3706380281276624
177,加富花园,番禺,莲塘路3号,在售,24500.0,2,84.5,"住宅,低单价,低总价,低密居所,人车分流",240.5,10.106428396532818,5.482720089545816,4.436751534363128
178,越秀臻裕府,花都,凤凰南路,在售,28000.0,3,111.0,"住宅,车位充足,绿化率高,国央企,品牌房企",305.0,10.239959789157341,5.720311776607412,4.709530201312334
179,保利335金融中心,增城,汽车城大道57号,待售,18339.0,3,109.0,"写字楼,车位充足,大型社区,国央企,品牌房企",337.5,9.816785218696834,5.821565510312585,4.6913478822291435
180,越秀·天荟江湾,海珠,瑞宝路12号,待售,18339.0,3,109.0,"商业,人车分流,大型社区,国央企,品牌房企",337.5,9.816785218696834,5.821565510312585,4.6913478822291435
181,番禺敏捷广场,番禺,番禺大道北331号,待售,18339.0,3,109.0,"写字楼,人车分流,大型社区,品牌房企,近地铁",337.5,9.816785218696834,5.821565510312585,4.6913478822291435
182,珠江未来城,番禺,广东省广州市番禺区石楼镇胜洲村龙启路80号,在售,20000.0,5,335.0,"商业,低总价,人车分流,大型社区,品牌房企",750.0,9.903487552536127,6.620073206530356,5.814130531825066
183,珠江时光荟,增城,广东省广州市增城区永宁街道创优路,在售,11200.0,3,81.0,"住宅,低单价,低总价,车位充足,人车分流",101.5,9.323669057283185,4.620058798481842,4.394449154672438
184,广垦天河1号,天河,怡新路广垦天河1号,待售,18339.0,3,109.0,"商业,人车分流,小型社区,国央企,品牌房企",337.5,9.816785218696834,5.821565510312585,4.6913478822291435
185,珠江未来城,番禺,广东省广州市番禺区金荷三路,待售,18339.0,3,109.0,"写字楼,人车分流,大型社区,品牌房企,公交直达",337.5,9.816785218696834,5.821565510312585,4.6913478822291435
186,广深恒大国际旅游城,南沙,南沙万环西路广深恒大国际旅游城,待售,18339.0,3,109.0,"酒店式公寓,小型社区,国央企,品牌房企,loft",337.5,9.816785218696834,5.821565510312585,4.6913478822291435
187,凤凰瑞景,花都,广州市花都区凤凰北路45号,在售,28000.0,2,152.0,"住宅,车位充足,绿化率高,入户花园,水系园林",490.0,10.239959789157341,6.194405391104672,5.0238805208462765
188,卓越招商臻珑府,黄埔,5号线庙头路站旁,在售,40000.0,4,96.5,"住宅,绿化率高,人车分流,国央企,品牌房企",420.0,10.596634733096073,6.040254711277414,4.56954300834494
189,中旅天宸府,海珠,广东省广州市海珠区昌岗中路86号,在售,56500.0,3,113.0,"住宅,车位充足,人车分流,国央企,品牌房企",650.0,10.941995917134532,6.476972362889683,4.727387818712341
190,合景臻溋名铸,天河,黄埔大道东合景臻溋名铸,在售,18339.0,3,109.0,"住宅,车位充足,绿化率高,品牌房企,入户花园",337.5,9.816785218696834,5.821565510312585,4.6913478822291435
191,富力富云山,白云,广东省广州市白云区白云大道北179号,在售,73000.0,3,155.0,"住宅,绿化率高,人车分流,品牌房企,近地铁",1135.0,11.198214720130528,7.0343879299155025,5.043425116919247
192,智通广场,海珠,安悦路智通广场,待售,18339.0,3,109.0,"写字楼,国央企,品牌房企,近地铁,地铁沿线",337.5,9.816785218696834,5.821565510312585,4.6913478822291435
193,珠江海珠里,海珠,燕子岗路68号,在售,45000.0,2,102.0,"住宅,车位充足,绿化率高,国央企,品牌房企",460.0,10.714417768752456,6.13122648948314,4.624972813284271
194,中绿蔚蓝湾,南沙,商贸大道中绿蔚蓝湾,在售,26000.0,4,110.5,"住宅,车位充足,绿化率高,国央企,品牌房企",300.0,10.165851817003619,5.703782474656201,4.705015520957807
195,广深恒大国际旅游城,南沙,南沙万环西路广州恒大国际旅游城,待售,18339.0,3,109.0,"写字楼,小型社区,国央企,品牌房企",337.5,9.816785218696834,5.821565510312585,4.6913478822291435
196,中新紫荆府,增城,广东省广州市增城区城高路,在售,12000.0,2,98.0,"住宅,低单价,低总价,人车分流,大型社区",117.0,9.392661928770137,4.762173934797756,4.584967478670571
197,云谷梦筑,从化,广东省广州市从化区,在售,13500.0,3,84.0,"商业类,绿化率高,人车分流,国央企,品牌房企",118.0,9.51044496442652,4.770684624465664,4.430816798843313
198,中新智慧园,黄埔,广州市黄埔区腾龙大道与凤湖中路交汇处南侧,待售,18339.0,3,109.0,"写字楼,车位充足,人车分流,品牌房企,近地铁",337.5,9.816785218696834,5.821565510312585,4.6913478822291435
199,合景臻溋名铸,天河,黄埔大道东合景臻溋名铸,在售,18339.0,3,109.0,"商业,车位充足,人车分流,品牌房企,休闲会所",337.5,9.816785218696834,5.821565510312585,4.6913478822291435
200,天河合生缦云,天河,广东省广州市天河区,在售,90000.0,3,230.0,"住宅,车位充足,绿化率高,健身跑道,儿童乐园",2600.0,11.407564949312402,7.8632667240095735,5.438079308923196
201,中新智慧园,黄埔,广州市黄埔区腾龙大道与凤湖中路交汇处南侧,待售,18339.0,3,109.0,"商业,车位充足,人车分流,品牌房企,近地铁",337.5,9.816785218696834,5.821565510312585,4.6913478822291435
202,汇金中心,天河,天河广州市天河区黄埔大道与科韵路交界,在售,50000.0,3,109.0,"写字楼,人车分流,封闭管理,国央企,品牌房企",850.0,10.819778284410283,6.745236349484362,4.6913478822291435
203,时代天韵（黄埔）,黄埔,广州·黄埔科学城·开源大道·2号线(开源大道东站),在售,29000.0,3,95.5,"住宅,低单价,低总价,车位充足,绿化率高",380.0,10.275051108968611,5.940171252720432,4.5591262474866845
204,越秀TOD星航,黄埔,广东省广州市黄埔区黄埔东路2009,在售,33000.0,3,114.5,"住宅,低总价,车位充足,绿化率高,国央企",400.0,10.404262840448617,5.991464547107982,4.740574822994295
205,保利天汇,天河,大观中路保利天汇,在售,35000.0,1,22.5,"商业类,低总价,人车分流,小型社区,国央企",65.0,10.46310334047155,4.174387269895637,3.1135153092103742
206,保利天汇,天河,大观中路保利天汇,待售,40000.0,3,109.0,"写字楼,人车分流,大型社区,国央企,品牌房企",8000.0,10.596634733096073,8.987196820661973,4.6913478822291435
207,南方智媒大厦,黄埔,广东省广州市黄埔区黄埔大道东,在售,37779.0,0,380.5,"写字楼,车位充足,人车分流,国央企,品牌房企",1190.0,10.539508671673955,7.081708586105575,5.941486177301741
208,广州空港融创中心,白云,广州空港经济区3号线及9号线高增地铁站旁,待售,18339.0,3,109.0,"写字楼,人车分流,大型社区,品牌房企,地铁沿线",337.5,9.816785218696834,5.821565510312585,4.6913478822291435
209,美的江上沄启,南沙,横沥镇晓风印月东三街1号,在售,19500.0,2,49.5,"商业类,低总价,人车分流,封闭管理,品牌房企",65.0,9.878169744551839,4.174387269895637,3.9019726695746444
210,创基天璟,增城,增城大道72号,在售,15800.0,3,97.0,"住宅,车位充足,人车分流,品牌房企,贴心物业",156.5,9.667765219015058,5.0530560099802075,4.574710978503383
211,明珠花园,海珠,广东省广州市海珠区东晓路205号,在售,42000.0,3,98.0,"住宅,封闭管理,多轨交汇,地铁沿线,小三居",509.0,10.645424897265505,6.2324480165505225,4.584967478670571
212,旭辉光屿南方,白云,广东省广州市白云区钟落潭镇,在售,15000.0,3,94.5,"住宅,特价好房,低单价,绿化率高,人车分流",167.5,9.615805480084347,5.120983351265121,4.548599834499697
213,越秀·天荟江湾,海珠,瑞宝路12号,在售,25000.0,2,164.5,"商业类,低总价,人车分流,大型社区,国央企",840.0,10.126631103850338,6.733401891837359,5.1029105702054265
214,中交国际邮轮广场,南沙,广州市南沙区港前大道南沙科技馆对面,在售,25000.0,2,274.0,"商业类,车位充足,人车分流,国央企,品牌房企",287.6,10.126631103850338,5.661570625846892,5.6131281063880705
215,东方名都,增城,"东江大道北8-68号, 大林边一路9-47号",在售,23000.0,3,109.0,"底商,人车分流,大型社区,入户花园,健身跑道",337.5,10.043249494911286,5.821565510312585,4.6913478822291435
216,景业壹方天地,增城,新城大道景业壹方天地,在售,13000.0,2,91.0,"住宅,低单价,低总价,车位充足,封闭管理",120.0,9.472704636443673,4.787491742782046,4.51085950651685
217,龙湖金地天峯,番禺,傍雁路龙湖金地天峯,在售,38000.0,4,116.0,"住宅,人车分流,大型社区,品牌房企,公交直达",505.0,10.545341438708522,6.224558429275359,4.7535901911063645
218,叠溪花园,增城,朱村街道朱石路以东,待售,18339.0,3,109.0,"商业,车位充足,人车分流,品牌房企,健身跑道",337.5,9.816785218696834,5.821565510312585,4.6913478822291435
219,广州空港融创中心,白云,机场高速广州空港融创中心,待售,15000.0,1,54.0,"商业类,人车分流,大型社区,品牌房企,地铁沿线",75.0,9.615805480084347,4.31748811353631,3.988984046564274
220,香江悦府,增城,广州绿道香江悦府,待售,110.0,3,88.5,"住宅,车位充足,人车分流,品牌房企,地铁沿线",337.5,4.700480365792416,5.821565510312585,4.483002552013883
221,金海岸花园云起兴泰,番禺,兴泰路金海岸花园云起兴泰,在售,43000.0,1,94.5,"住宅,车位充足,绿化率高,品牌房企,公交直达",406.5,10.668955394675699,6.007583928987865,4.548599834499697
222,五矿招商江天际,白云,五矿招商江天际美学体验馆,在售,48000.0,3,109.0,"住宅,低总价,人车分流,大型社区,国央企",575.0,10.778956289890028,6.354370040797351,4.6913478822291435
223,合景尚悦,从化,广州市从化区鳌头镇城鳌大道中与神棋路口交汇处,待售,18339.0,3,109.0,"住宅,绿化率高,人车分流,品牌房企",337.5,9.816785218696834,5.821565510312585,4.6913478822291435
224,新城翡丽云境,白云,广东省广州市白云区福龙路24,在售,16000.0,3,93.0,"住宅,低单价,低总价,车位充足,绿化率高",152.5,9.680344001221918,5.0271645960474665,4.532599493153255
225,中海观澔府,海珠,广东省广州市海珠区石岗大街,在售,80000.0,4,107.5,"住宅,绿化率高,人车分流,国央企,品牌房企",900.0,11.289781913656018,6.802394763324311,4.677490847567717
226,珠江西湾里,荔湾,西湾横路珠江西湾里,在售,42000.0,2,75.5,"住宅,低总价,绿化率高,人车分流,国央企",372.0,10.645424897265505,5.918893854273146,4.324132656254979
227,越秀·万博·瑞麓府,番禺,广东省广州市番禺区欢乐大道,在售,48000.0,4,184.5,"住宅,车位充足,绿化率高,置换改善,高品质小区",1100.0,10.778956289890028,7.003065458786462,5.217649463480582
228,越秀·天瀛,荔湾,海龙路越秀天瀛,在售,32000.0,3,106.0,"住宅,低总价,车位充足,绿化率高,国央企",390.0,10.373491181781864,5.966146739123692,4.663439094112067
229,越秀星寰TOD,番禺,广州市番禺区钟村街博鸿三路38号,在售,36000.0,3,111.0,"住宅,低总价,车位充足,绿化率高,国央企",383.5,10.491274217438246,5.949339620807311,4.709530201312334
230,奥飞文创中心,黄埔,创新大道以西、凤湖二路以北,在售,15000.0,2,48.0,"商业类,低单价,低总价,车位充足,绿化率高",72.5,9.615805480084347,4.283586561860629,3.8712010109078907
231,珠江海御,南沙,海滨路珠江海御,在售,28000.0,3,152.5,"住宅,车位充足,绿化率高,品牌房企,地铁沿线",450.0,10.239959789157341,6.1092475827643655,5.0271645960474665
232,敏捷尚品国际,南沙,南沙区进港大道187号北侧,在售,9500.0,1,64.0,"商业,低单价,低总价,人车分流,大型社区",70.5,9.159047077588632,4.255612709818223,4.1588830833596715
233,嘉裕中心J公馆,天河,珠江东路421号,在售,95000.0,1,124.0,"商业类,车位充足,人车分流,品牌房企,私属庭院",1480.0,11.461632170582677,7.299797366758161,4.820281565605037
234,华新方圆·333,海珠,海珠区工业大道中333号,在售,38000.0,1,45.5,"商业类,低总价,绿化率高,人车分流,品牌房企",167.5,10.545341438708522,5.120983351265121,3.8177123259569044
235,四方天地,增城,荔富汇景华庭,在售,18000.0,3,107.5,"住宅,车位充足,低密居所,置换改善,养老舒适",198.0,9.798127036878302,5.288267030694535,4.677490847567717
236,保利南方财经大厦,天河,天河国际金融城金融方城（近临江大道）,在售,42000.0,6,353.0,"写字楼,人车分流,封闭管理,国央企,品牌房企",1600.0,10.645424897265505,7.3777589082278725,5.8664680569332965
237,保利中海金地·大国璟,增城,广汕公路保利中海金地·大国璟增城大道471号,待售,22000.0,3,109.0,"底商,车位充足,人车分流,国央企,品牌房企",100.0,9.998797732340453,4.605170185988091,4.6913478822291435
238,卓越晴翠府,番禺,广州市番禺区桥南联兴路28号,在售,28000.0,2,103.0,"住宅,低单价,低总价,车位充足,人车分流",292.5,10.239959789157341,5.678464666671911,4.634728988229636
239,保利锦绣公馆,白云,大源南路84号,待售,21000.0,3,41.5,"商业类,绿化率高,人车分流,国央企,品牌房企",90.0,9.95227771670556,4.499809670330265,3.7256934272366524
240,招商电建南国·雍云邸,白云,广东省广州市白云区石沙路石井工业区八横路,在售,27500.0,3,90.5,"住宅,低单价,低总价,绿化率高,人车分流",255.0,10.221941283654662,5.541263545158426,4.50534985070588
241,耀胜新世界广场·耀胜尊府,番禺,汉兴西路耀胜新世界广场,在售,65000.0,3,104.5,"住宅,车位充足,人车分流,品牌房企,近地铁",655.0,11.082142548877775,6.484635235635252,4.6491870714048655
242,徐福上坤云境风华,增城,朱村大道中徐福上坤云境风华,待售,18339.0,3,109.0,"住宅,车位充足,人车分流,品牌房企,近地铁",337.5,9.816785218696834,5.821565510312585,4.6913478822291435
243,广州幸福湾,荔湾,汇盛路广州幸福湾,在售,80000.0,4,270.0,"住宅,车位充足,绿化率高,地铁沿线,大平层",2450.0,11.289781913656018,7.803843303538772,5.598421958998374
244,招商保利海珠天珺,海珠,海珠区新港东路招商保利·海珠天珺项目部,在售,100000.0,4,199.5,"住宅,车位充足,人车分流,国央企,品牌房企",1900.0,11.512925464970229,7.549609165154531,5.295814236329918
245,首铸·铂瑞云湾,番禺,莲港大道与庄园路交汇,在售,24000.0,3,120.0,"住宅,低单价,低总价,车位充足,绿化率高",345.0,10.085809109330082,5.843544417031359,4.787491742782046
246,越秀星耀TOD,增城,环城路越秀·星耀TOD,在售,20000.0,3,112.5,"住宅,车位充足,人车分流,近地铁,地铁沿线",225.0,9.903487552536127,5.41610040220442,4.722953221644475
247,广州城投·禧悦府,增城,汽车城大道广州城投禧悦府,在售,29000.0,2,117.5,"住宅,车位充足,人车分流,国央企,品牌房企",352.5,10.275051108968611,5.865050622252323,4.7664383335842135
248,华润置地金沙瑞府,白云,广州市白云区金沙洲浔峰山东路西北侧,在售,50000.0,4,143.0,"住宅,车位充足,绿化率高,国央企,置换改善",650.0,10.819778284410283,6.476972362889683,4.962844630259907
249,建发明珠湾玺,南沙,凤凰大道凤凰二桥地铁18号线横沥站旁约250米处,在售,31000.0,4,115.0,"住宅,车位充足,人车分流,国央企,品牌房企",450.0,10.341742483467282,6.1092475827643655,4.74493212836325
250,深业颐泽府,南沙,凤凰大道深业颐泽府,在售,37000.0,4,146.5,"住宅,车位充足,绿化率高,国央企,品牌房企",530.0,10.51867319162636,6.272877006546167,4.987025428457122
251,华宇·锦绣云赋,从化,从城大道华宇·锦绣云赋,在售,15000.0,3,92.5,"住宅,绿化率高,人车分流,品牌房企,水系园林",136.5,9.615805480084347,4.916324614625014,4.527208644518379
252,金地景业格林水岸,增城,新新大道北金地景业格林水岸,待售,18339.0,3,109.0,"住宅,车位充足,人车分流,品牌房企,公交直达",337.5,9.816785218696834,5.821565510312585,4.6913478822291435
253,金地·云上,增城,广东省广州市增城区S118(新新大道北),在售,11000.0,2,82.0,"住宅,低单价,低总价,人车分流,大型社区",112.5,9.305650551780507,4.722953221644475,4.406719247264253
254,悦辰壹号,黄埔,广东省广州市黄埔区Y079,在售,24000.0,3,128.5,"住宅,低单价,低总价,车位充足,人车分流",255.0,10.085809109330082,5.541263545158426,4.855928904335275
255,国科众安江屿大观,番禺,广东省广州市番禺区 沙堤路600号,在售,16800.0,2,117.0,"商业类,车位充足,人车分流,品牌房企,公交直达",332.5,9.72913416539135,5.806639860095909,4.762173934797756
256,振业学府里,增城,南顺石场路13号,在售,14000.0,3,91.0,"住宅,低总价,人车分流,小型社区,国央企",130.0,9.546812608597396,4.867534450455582,4.51085950651685
257,珠江博悦庭,增城,新城大道珠江博悦庭,待售,18339.0,3,109.0,"住宅,人车分流,大型社区,品牌房企,小户型",337.5,9.816785218696834,5.821565510312585,4.6913478822291435
258,越秀联投知识城·居山涧,黄埔,广州黄埔知识城凤凰湖旁,在售,46000.0,4,165.0,"住宅,绿化率高,低密居所,国央企,置换改善",850.0,10.736396675471232,6.745236349484362,5.10594547390058
259,中洲紫轩,黄埔,广东省广州市黄埔区中山大道387号（5/13号线鱼珠站）,在售,50000.0,3,126.0,"住宅,车位充足,人车分流,品牌房企,近地铁",685.0,10.819778284410283,6.529418838262225,4.836281906951478
260,广州城投领南府,番禺,石洲中路广州城投领南府,在售,38000.0,2,120.5,"住宅,低总价,车位充足,绿化率高,国央企",475.0,10.545341438708522,6.163314804034641,4.791649752930709
261,云裳峯尚,白云,白云区白水塘文明路1号,在售,55000.0,3,105.5,"住宅,车位充足,人车分流,品牌房企,休闲会所",681.0,10.915088464214607,6.523562306149512,4.658710952916121
262,侨鑫保利汇景台,天河,科韵北路23号,在售,136000.0,4,231.5,"住宅,车位充足,绿化率高,置换改善,高品质小区",3230.0,11.820410164718188,8.080237416216702,5.444579873526289
263,金科景业·雍景园,增城,坑贝地铁站B口东100米,待售,24500.0,1,61.0,"底商,低总价,车位充足,人车分流,品牌房企",97.5,10.106428396532818,4.579852378003801,4.110873864173311
264,碧桂园云樾江湾,增城,新城大道碧桂园云樾江湾,在售,21000.0,3,112.5,"住宅,车位充足,绿化率高,品牌房企,近地铁",237.5,9.95227771670556,5.470167623474696,4.722953221644475
265,保利天汇,天河,大观中路保利天汇,在售,55000.0,1,112.0,"底商,车位充足,人车分流,国央企,品牌房企",616.0,10.915088464214607,6.423246963533519,4.718498871295094
266,越秀·大学·星汇城,番禺,广州市番禺区新造镇曾边大街66号,在售,40000.0,3,105.5,"住宅,低总价,车位充足,人车分流,国央企",440.0,10.596634733096073,6.0867747269123065,4.658710952916121
267,保利珑悦,增城,广州市增城区创业大道,在售,12000.0,2,91.0,"住宅,低单价,低总价,车位充足,人车分流",113.5,9.392661928770137,4.7318028369214575,4.51085950651685
268,飞晟汇,黄埔,广州市黄埔区科学城开创大道彩文路166号,在售,21800.0,3,435.0,"写字楼,车位充足,近地铁,地铁沿线,大平层",1059.5,9.98966524877718,6.965552377708353,6.075346031088684
269,路劲星棠,增城,东洲大道路劲星棠,在售,16000.0,3,86.5,"住宅,特价好房,车位充足,人车分流,品牌房企",140.0,9.680344001221918,4.941642422609304,4.460144413937833
270,知识城投资嘉达·山与墅,黄埔,广东省广州市黄埔区Y079与长庚北街交叉路口往西约200米,在售,45000.0,3,170.5,"住宅,车位充足,绿化率高,国央企,置换改善",750.0,10.714417768752456,6.620073206530356,5.1387352967235715
271,远洋天成,增城,广东省广州市增城区石新路,在售,16500.0,3,88.0,"住宅,人车分流,小型社区,国央企,品牌房企",149.0,9.711115659888671,5.003946305945459,4.477336814478206
272,广晟中国铁建花语天珹,花都,黄槐路广晟中铁建花语天珹,在售,21000.0,2,117.0,"住宅,车位充足,绿化率高,国央企,品牌房企",280.0,9.95227771670556,5.634789603169249,4.762173934797756
273,金地商置都会峯范,花都,新街大道100号,在售,18000.0,2,103.0,"住宅,低总价,车位充足,人车分流,品牌房企",199.5,9.798127036878302,5.295814236329918,4.634728988229636
274,中建凤榕台,增城,广东省广州市增城区福昆线辅路,在售,23000.0,3,85.0,"住宅,人车分流,大型社区,国央企,品牌房企",195.0,10.043249494911286,5.272999558563747,4.442651256490317
275,中铁建信达花语天宸,黄埔,广汕公路与班岭路交叉西南420米,在售,41000.0,3,132.5,"住宅,车位充足,人车分流,国央企,品牌房企",610.0,10.621327345686444,6.413458957167356,4.886582645426277
276,中盛顺和家园,增城,广汕公路中盛顺和家园,在售,12000.0,3,113.0,"住宅,低单价,低总价,车位充足,人车分流",160.0,9.392661928770137,5.075173815233827,4.727387818712341
277,方圆滨江壹号,海珠,海珠区艺景路与友邻三路交叉口南120米,在售,110000.0,3,111.0,"住宅,绿化率高,人车分流,品牌房企,近地铁",1140.0,11.608235644774552,7.038783541388541,4.709530201312334
278,翰盛府,番禺,汉兴西路锦绣香江拾光盛境,在售,80000.0,3,146.5,"住宅,绿化率高,低密居所,置换改善,高品质小区",1065.0,11.289781913656018,6.970730078143525,4.987025428457122
279,中海保利朗阅,荔湾,广东省广州市荔湾区,在售,58000.0,2,140.0,"住宅,车位充足,绿化率高,国央企,品牌房企",965.0,10.968198289528557,6.872128101338986,4.941642422609304
280,珠江未来城,番禺,广东省广州市番禺区石楼镇胜洲村龙启路80号,在售,11000.0,1,52.0,"商业类,低单价,低总价,绿化率高,人车分流",67.5,9.305650551780507,4.212127597878484,3.951243718581427
281,星河畔月湾,南沙,新广一路星河畔月湾,在售,20000.0,3,103.0,"住宅,低单价,低总价,车位充足,绿化率高",230.0,9.903487552536127,5.438079308923196,4.634728988229636
282,振业天成,黄埔,广州市黄埔区联和街黄陂四路,在售,35500.0,4,136.0,"住宅,低总价,车位充足,绿化率高,国央企",649.0,10.477287975463506,6.4754327167040895,4.9126548857360515
283,绿城桂语汀澜,南沙,广州市南沙区横沥镇沥岛三多涌以东、义沙路以西、横沥大道东以南,在售,28000.0,4,119.5,"住宅,车位充足,绿化率高,国央企,品牌房企",333.0,10.239959789157341,5.808142489980444,4.783316371371566
284,琶洲南TOD,海珠,广东省广州市海珠区,在售,130000.0,3,209.0,"住宅,车位充足,人车分流,国央企,品牌房企",2625.0,11.77528972943772,7.872836175025724,5.342334251964811
285,招商湾区1872,南沙,南沙庆盛港科大广州校区旁,在售,22000.0,3,92.0,"住宅,低总价,车位充足,人车分流,国央企",200.0,9.998797732340453,5.298317366548036,4.5217885770490405
286,海语天悦湾,南沙,凤凰大道越秀中国铁建南投海语天悦湾,在售,28000.0,2,111.0,"住宅,车位充足,绿化率高,国央企,品牌房企",345.0,10.239959789157341,5.843544417031359,4.709530201312334
287,国贸学原,增城,广汕公路国贸学原,在售,13500.0,2,102.0,"住宅,低单价,低总价,人车分流,大型社区",142.5,9.51044496442652,4.959341999708705,4.624972813284271
288,星河江缦,荔湾,广东省广州市荔湾区滘口大街与鹅潭路交叉口西北,在售,70000.0,4,207.0,"住宅,车位充足,绿化率高,品牌房企,近地铁",1450.0,11.156250521031495,7.27931883541462,5.332718793265369
289,公交珠实花城云著,白云,广花一路公交珠实花城云著,在售,35000.0,3,78.0,"住宅,低总价,车位充足,人车分流,国央企",284.5,10.46310334047155,5.6507332535663855,4.356708826689592
290,中海江泰里,海珠,海珠区凤阳街江泰路36号,在售,65000.0,3,90.0,"住宅,绿化率高,人车分流,国央企,品牌房企",625.0,11.082142548877775,6.437751649736401,4.499809670330265
291,保利水木芳华,增城,朱村大道西保利水木芳华,在售,12000.0,1,85.0,"住宅,低单价,低总价,人车分流,大型社区",132.0,9.392661928770137,4.882801922586371,4.442651256490317
292,保利领秀海,番禺,广州市番禺区石楼镇鲤鱼岗9号名人山庄,在售,22000.0,3,122.0,"住宅,低单价,低总价,绿化率高,人车分流",327.5,9.998797732340453,5.791488055075306,4.804021044733257
293,云麓花城,白云,白云城投云麓花城，太和镇沙亭北路南侧地块,在售,23000.0,3,82.0,"住宅,低单价,低总价,车位充足,人车分流",197.0,10.043249494911286,5.2832037287379885,4.406719247264253
294,电建都汇府,花都,广东省广州市花都区迎宾大道,在售,36000.0,3,155.0,"住宅,车位充足,人车分流,国央企,品牌房企",580.0,10.491274217438246,6.363028103540465,5.043425116919247
295,金地公园名著,增城,广东省广州市增城区新新公路与创盈路交叉口西南140米,在售,12200.0,2,87.5,"住宅,低单价,低总价,车位充足,人车分流",109.0,9.409191230721348,4.6913478822291435,4.471638793363568
296,广州滨江上都,荔湾,芳村大道南广州滨江上都,在售,70000.0,2,230.0,"商业类,车位充足,绿化率高,品牌房企,多轨交汇",565.0,11.156250521031495,6.33682573114644,5.438079308923196
297,中海映澜台,海珠,新业路中海映澜台,在售,110000.0,4,193.5,"住宅,车位充足,人车分流,国央企,品牌房企",2550.0,11.608235644774552,7.843848638152472,5.2652775124698366
298,保利湖光悦色,海珠,华洲路保利湖光悦色,在售,85000.0,4,160.0,"住宅,车位充足,绿化率高,国央企,品牌房企",1275.0,11.350406535472453,7.150701457592526,5.075173815233827
299,中洲紫轩,黄埔,广东省广州市黄埔区中山大道387号（5/13号线鱼珠站）,待售,35000.0,3,78.0,"商业类,低总价,车位充足,人车分流,品牌房企",353.0,10.46310334047155,5.8664680569332965,4.356708826689592
300,广垦天河1号,天河,怡新路广垦天河1号,在售,30000.0,1,40.0,"商业类,低总价,人车分流,封闭管理,国央企",122.0,10.308952660644293,4.804021044733257,3.6888794541139363
301,越秀星耀TOD,增城,环城路越秀·星耀TOD,在售,16000.0,2,50.5,"商业类,低总价,人车分流,大型社区,近地铁",81.0,9.680344001221918,4.394449154672438,3.921973336281314
302,珠光海珠新城,海珠,南洲路975号,在售,55000.0,3,162.5,"住宅,车位充足,绿化率高,多轨交汇,地铁沿线",1455.0,10.915088464214607,7.282761179605592,5.090678001769792
303,公园海,南沙,环市大道南公园海,待售,18339.0,3,109.0,"住宅,车位充足,绿化率高,国央企,品牌房企",337.5,9.816785218696834,5.821565510312585,4.6913478822291435
304,联发|悦璞园,增城,南北大道联发悦璞,待售,18339.0,3,109.0,"住宅,小型社区,国央企,品牌房企,公交直达",337.5,9.816785218696834,5.821565510312585,4.6913478822291435
305,龙狮璟珑府,黄埔,Y079龙狮璟珑府,在售,23000.0,3,129.5,"住宅,低单价,低总价,绿化率高,低密居所",345.0,10.043249494911286,5.843544417031359,4.863680881139592
306,广州城投·空港1号,花都,广州市花都区雅新大道（黄广中学南侧）,在售,23000.0,3,95.5,"住宅,车位充足,绿化率高,国央企,品牌房企",230.0,10.043249494911286,5.438079308923196,4.5591262474866845
307,时代天境（花都）,花都,天贵路时代天境（花都）,待售,18339.0,3,109.0,"住宅,人车分流,小型社区,品牌房企,地铁沿线",337.5,9.816785218696834,5.821565510312585,4.6913478822291435
308,粤海·云港城,白云,广东省广州市白云区齐心路84号（白云公园站旁）,在售,85000.0,4,202.0,"住宅,车位充足,绿化率高,国央企,品牌房企",1875.0,11.350406535472453,7.536363938404511,5.308267697401204
309,力高大家·美颂,增城,增城区北绕线力高大家·美颂,待售,18339.0,3,109.0,"住宅,小型社区,品牌房企,地铁沿线,公交直达",337.5,9.816785218696834,5.821565510312585,4.6913478822291435
310,珠江广钢花城,荔湾,广州市荔湾区荷景路5号,在售,35000.0,3,90.5,"住宅,低总价,绿化率高,国央企,品牌房企",385.0,10.46310334047155,5.953243334287784,4.50534985070588
311,珠江·金瑶台,海珠,广东省广州市海珠区崇礼大街18号,在售,50000.0,2,91.0,"住宅,绿化率高,人车分流,国央企,品牌房企",455.0,10.819778284410283,6.12029741895095,4.51085950651685
312,富好城繁华里,增城,广东省广州市增城区富好城路30,在售,13000.0,3,93.0,"住宅,低单价,低总价,人车分流,大型社区",115.0,9.472704636443673,4.74493212836325,4.532599493153255
313,北大科技园·国际科创广场,白云,石沙公路81号,待售,18339.0,3,109.0,"商业类,小型社区,近地铁,地铁沿线,综合商场",337.5,9.816785218696834,5.821565510312585,4.6913478822291435
314,保利西悦湾,荔湾,东漖南路保利西悦湾,待售,18339.0,3,109.0,"商业类,绿化率高,人车分流,国央企,品牌房企",337.5,9.816785218696834,5.821565510312585,4.6913478822291435
315,利通金融中心,南沙,潭州路利通金融中心,在售,23000.0,3,109.0,"写字楼,车位充足,大型社区,品牌房企,地铁沿线",337.5,10.043249494911286,5.821565510312585,4.6913478822291435
316,广州城投禧阅盛汇,增城,汽车城大道广州城投禧阅盛汇,待售,18339.0,3,109.0,"商业类,人车分流,大型社区,国央企,品牌房企",337.5,9.816785218696834,5.821565510312585,4.6913478822291435
317,富力富云山,白云,黄石西街23号,待售,18339.0,3,109.0,"商业类,小型社区,品牌房企,近地铁,地铁沿线",337.5,9.816785218696834,5.821565510312585,4.6913478822291435
318,天地源伴山溪谷,番禺,沙东路天地源伴山溪谷,在售,25000.0,2,91.5,"住宅,低单价,低总价,车位充足,绿化率高",232.5,10.126631103850338,5.4488902250274105,4.516338972281476
319,凯德双桥新作,荔湾,广东省广州市荔湾区裕福街35号,在售,57000.0,3,101.0,"住宅,绿化率高,人车分流,品牌房企,近地铁",675.0,10.950806546816686,6.514712690872529,4.61512051684126
320,广开控股城投云锦,黄埔,萝岭路广开控股城投云锦,在售,45000.0,3,155.0,"住宅,车位充足,人车分流,国央企,品牌房企",710.0,10.714417768752456,6.5652649700353605,5.043425116919247
321,御璟兰园,南沙,凤凰大道融朗园,在售,30000.0,4,111.5,"住宅,车位充足,人车分流,国央企,品牌房企",352.5,10.308952660644293,5.865050622252323,4.7140245909001735
322,合生中央城（商业）,黄埔,开源大道22号,在售,60000.0,1,46.0,"商业,低总价,人车分流,大型社区,休闲会所",240.0,11.002099841204238,5.480638923341991,3.828641396489095
323,星河江堤春晓,南沙,广东省广州市南沙区凤凰大道横沥东路10号,在售,33000.0,3,116.0,"住宅,车位充足,人车分流,品牌房企,自持商业",425.0,10.404262840448617,6.052089168924416,4.7535901911063645
324,科苑壹号,南沙,广东省广州市南沙区南沙湾南横地铁站旁,在售,24000.0,4,145.5,"住宅,车位充足,绿化率高,国央企,品牌房企",490.0,10.085809109330082,6.194405391104672,4.980176086611547
325,越秀江海潮鸣,南沙,安益路越秀江海潮鸣,在售,28000.0,2,118.0,"住宅,车位充足,人车分流,国央企,品牌房企",410.5,10.239959789157341,6.017375928892482,4.770684624465664
326,云城上品（二期）,白云,广东省广州市白云区新石路145号,在售,37000.0,3,126.5,"住宅,车位充足,绿化率高,国央企,品牌房企",470.0,10.51867319162636,6.152732694704104,4.840242308167575
327,越秀·大学城·和樾府,番禺,兴业大道越秀·大学城·和樾府,在售,55000.0,3,135.0,"住宅,车位充足,绿化率高,国央企,品牌房企",727.5,10.915088464214607,6.589613999045647,4.90527477843843
328,广州国际创新驱动中心,黄埔,知识城南起步区知识大道以南、永九快速路以东,待售,18339.0,3,109.0,"商业类,车位充足,小型社区,国央企,品牌房企",337.5,9.816785218696834,5.821565510312585,4.6913478822291435
329,越秀白云星汇城,白云,广龙路12号,在售,20000.0,3,95.0,"住宅,低单价,低总价,绿化率高,人车分流",228.0,9.903487552536127,5.42934562895444,4.553876891600541
330,IN PARK星贸中心,黄埔,映日路IN PARK星贸中心,待售,18339.0,3,109.0,"写字楼,小型社区,国央企,品牌房企,近地铁",337.5,9.816785218696834,5.821565510312585,4.6913478822291435
331,力迅荔筑,荔湾,东风西路南侧源溪大街东侧力迅荔筑,在售,59000.0,3,99.5,"住宅,人车分流,小型社区,品牌房企,近地铁",633.5,10.985292722887856,6.451259999761193,4.600157644164547
332,合景臻溋名铸,天河,黄埔大道东合景臻溋名铸,待售,18339.0,3,109.0,"商业类,小型社区,品牌房企,近地铁,多轨交汇",337.5,9.816785218696834,5.821565510312585,4.6913478822291435
333,保利越秀·天启,荔湾,培真路保利越秀·天启,在售,25000.0,2,47.0,"商业类,低总价,人车分流,封闭管理,国央企",117.5,10.126631103850338,4.7664383335842135,3.8501476017100584
334,香江天辰,增城,G4香江天辰,在售,15500.0,3,90.5,"住宅,车位充足,封闭管理,品牌房企,公交直达",140.0,9.648595302907337,4.941642422609304,4.50534985070588
335,保利明玥湖光,增城,挂绿湖纵三路保利明玥湖光,在售,17000.0,2,102.5,"住宅,车位充足,人车分流,国央企,品牌房企",174.0,9.740968623038352,5.159055299214529,4.629862798578463
336,招商湾区1872,南沙,庆沙路招商湾区1872,待售,18339.0,3,109.0,"商业类,人车分流,小型社区,国央企,品牌房企",337.5,9.816785218696834,5.821565510312585,4.6913478822291435
337,中铁阅江来,南沙,广东省广州市南沙区化工路,在售,19700.0,2,107.0,"住宅,低单价,低总价,人车分流,封闭管理",245.0,9.88837391472608,5.5012582105447265,4.672828834461906
338,中国铁建西派澜岸,南沙,合兴路56号国际金融论坛IFF永久会址相距800米,在售,30000.0,3,183.0,"住宅,绿色建筑,车位充足,国央企,品牌房企",450.0,10.308952660644293,6.1092475827643655,5.2094861528414205
339,云城上品,白云,广东省广州市白云区新石路145号,在售,37000.0,3,88.5,"住宅,低总价,车位充足,绿化率高,国央企",315.0,10.51867319162636,5.752572638825633,4.483002552013883
340,勤诚达悦城,黄埔,洋田路勤诚达悦城,待售,18339.0,3,109.0,"住宅,小型社区,品牌房企,公交直达,超市",337.5,9.816785218696834,5.821565510312585,4.6913478822291435
341,星际云汇,黄埔,广东省广州市黄埔区S117(开创大道),在售,18339.0,3,109.0,"商业类,国央企,近地铁,地铁沿线,小户型",337.5,9.816785218696834,5.821565510312585,4.6913478822291435
342,珠实云悦花语,白云,广州市白云区钟落潭镇良城三路7号距广州14号线钟落潭地铁站A出口800米处,在售,15000.0,3,84.0,"住宅,低单价,低总价,车位充足,绿化率高",145.0,9.615805480084347,4.976733742420574,4.430816798843313
343,诚汇新都·榕诚湾,荔湾,花海路力诚榕诚湾,在售,42000.0,3,125.0,"住宅,绿化率高,人车分流,品牌房企,地铁沿线",620.0,10.645424897265505,6.429719478039137,4.828313737302301
344,招商保利海珠天珺,海珠,新港东路保利海珠天珺,在售,30000.0,3,111.0,"商业类,车位充足,人车分流,国央企,品牌房企",340.0,10.308952660644293,5.828945617610207,4.709530201312334
345,招商保利海珠天珺,海珠,新港东路保利海珠天珺,在售,50000.0,3,109.0,"底商,车位充足,人车分流,国央企,品牌房企",330.0,10.819778284410283,5.799092654460526,4.6913478822291435
346,勤诚达悦峯,黄埔,黄登路勤诚达悦峯,待售,18339.0,3,109.0,"住宅,小型社区,品牌房企,公交直达,综合商场",337.5,9.816785218696834,5.821565510312585,4.6913478822291435
347,珠江天郦,天河,广州市天河区中山大道西1150号,在售,85000.0,4,154.5,"住宅,车位充足,人车分流,品牌房企,近地铁",1500.0,11.350406535472453,7.313220387090301,5.0401940963378
348,勤诚达悦府,黄埔,长龙街勤诚达悦府,待售,18339.0,3,109.0,"住宅,小型社区,品牌房企,地铁沿线,公交直达",337.5,9.816785218696834,5.821565510312585,4.6913478822291435
349,东江逸珑湾,增城,沿江大道39号（甘泉小学东侧）,在售,17000.0,3,109.0,"底商,低单价,人车分流,大型社区,品牌房企",200.0,9.740968623038352,5.298317366548036,4.6913478822291435
350,中海麓府,白云,广云路中海麓府,在售,65000.0,3,148.0,"住宅,车位充足,人车分流,国央企,品牌房企",1050.0,11.082142548877775,6.956545443151569,4.997212273764115
351,祈福半山臻品,番禺,祈福天湖一街祈福半山臻品,在售,30000.0,2,113.5,"住宅,低单价,车位充足,绿化率高,置换改善",363.5,10.308952660644293,5.895779296973574,4.7318028369214575
352,岭南V谷荔湾新天地,荔湾,荔信三街岭南V谷荔湾新天地,在售,28000.0,2,53.0,"商业类,低总价,车位充足,绿化率高,国央企",180.0,10.239959789157341,5.19295685089021,3.9702919135521215
353,越秀公交天悦云山府,白云,白云大道北1697号,在售,40000.0,4,123.0,"住宅,车位充足,人车分流,国央企,品牌房企",535.0,10.596634733096073,6.282266746896006,4.812184355372417
354,布查特官邸情景洋房,番禺,迎宾路锦绣香江花园山水华府,在售,28000.0,1,66.5,"住宅,低单价,低总价,绿化率高,低密居所",200.0,10.239959789157341,5.298317366548036,4.197201947661808
355,玖玥,花都,望亭路玖玥,在售,12800.0,2,112.0,"住宅,低单价,低总价,车位充足,绿化率高",145.5,9.457200449907708,4.980176086611547,4.718498871295094
356,保利锦上,黄埔,广东省广州市黄埔区隧南路,在售,27000.0,3,105.0,"住宅,低单价,低总价,车位充足,绿化率高",302.5,10.203592144986466,5.712081277470896,4.653960350157523
357,越秀天河和樾府,天河,广东省广州市天河区燕园路13号,在售,85000.0,3,144.0,"住宅,车位充足,绿化率高,国央企,品牌房企",1225.0,11.350406535472453,7.110696122978827,4.969813299576001
358,大华城东瀚,增城,广东省广州市增城区,在售,13000.0,2,80.5,"住宅,低单价,低总价,车位充足,人车分流",125.0,9.472704636443673,4.828313737302301,4.388257184424518
359,粤海·云港城,白云,云城西路粤海·云港城,在售,18339.0,3,109.0,"写字楼,小型社区,国央企,品牌房企,近地铁",337.5,9.816785218696834,5.821565510312585,4.6913478822291435
360,保利和悦滨江,荔湾,兴渔路保利和悦滨江,在售,45000.0,3,90.5,"住宅,低总价,绿化率高,人车分流,国央企",402.5,10.714417768752456,5.997695096858618,4.50534985070588
361,北大科技园·国际科创广场,白云,石沙公路81号,待售,18339.0,3,109.0,"写字楼,小型社区,近地铁,地铁沿线,综合商场",337.5,9.816785218696834,5.821565510312585,4.6913478822291435
362,电建地产·洺悦玉府,番禺,禺山西路电建地产·洺悦玉府,待售,18339.0,3,109.0,"商业类,车位充足,国央企,品牌房企,公交直达",337.5,9.816785218696834,5.821565510312585,4.6913478822291435
363,星河湾萝峰,黄埔,广东省广州市黄埔区萝岗路与启学路交叉口北200米,在售,38000.0,4,197.5,"住宅,车位充足,绿化率高,品牌房企,入户花园",1015.0,10.545341438708522,6.922643891475888,5.285738584341177
364,越秀国际总部广场,南沙,金隆路越秀国际总部广场,待售,18339.0,3,109.0,"写字楼,人车分流,大型社区,国央企,品牌房企",337.5,9.816785218696834,5.821565510312585,4.6913478822291435
365,旭辉曜玥湾,南沙,国际金融岛横沥大道旁,待售,18339.0,3,109.0,"商业类,车位充足,大型社区,品牌房企,地铁沿线",337.5,9.816785218696834,5.821565510312585,4.6913478822291435
366,中国铁建西派澜岸,南沙,长沙村西街中国铁建西派澜岸,待售,18339.0,3,109.0,"商业类,人车分流,封闭管理,国央企,品牌房企",337.5,9.816785218696834,5.821565510312585,4.6913478822291435
367,星河江堤春晓,南沙,广东省广州市南沙区凤凰大道横沥东路10号,待售,18339.0,3,109.0,"商业类,车位充足,人车分流,品牌房企,近地铁",337.5,9.816785218696834,5.821565510312585,4.6913478822291435
368,新鸿基地产峻銮,番禺,广东省广州市番禺区韦涌路,在售,45000.0,3,115.0,"住宅,车位充足,绿化率高,品牌房企,近地铁",593.0,10.714417768752456,6.385194398997725,4.74493212836325
369,卓粤广场,增城,新塘大道东卓粤广场,待售,18339.0,3,109.0,"写字楼,小型社区,公交直达,综合商场,超市",337.5,9.816785218696834,5.821565510312585,4.6913478822291435
370,富丰华庭,增城,朱村大道西富丰华庭,在售,16000.0,2,103.5,"住宅,车位充足,人车分流,近地铁,地铁沿线",165.0,9.680344001221918,5.10594547390058,4.639571612705423
371,升龙·学府上城,黄埔,九龙大道,待售,18339.0,3,109.0,"商业类,绿化率高,小型社区,品牌房企,近地铁",337.5,9.816785218696834,5.821565510312585,4.6913478822291435
372,长岭雅居,黄埔,长贤路长岭雅居,在售,18339.0,3,109.0,"住宅,车位充足,绿化率高,国央企,品牌房企",337.5,9.816785218696834,5.821565510312585,4.6913478822291435
373,珠实·嘉悦湾,白云,广东省广州市白云区同嘉路34号,在售,38000.0,4,100.5,"住宅,车位充足,人车分流,国央企,品牌房企",385.0,10.545341438708522,5.953243334287784,4.61015772749913
374,国化广场,白云,广东省广州市白云区云城北二路116号,待售,18339.0,3,109.0,"写字楼,车位充足,人车分流,国央企,品牌房企",337.5,9.816785218696834,5.821565510312585,4.6913478822291435
375,白鹅潭悦府,荔湾,广东省广州市荔湾区长堤街133号,在售,100000.0,3,189.0,"住宅,车位充足,人车分流,国央企,品牌房企",1500.0,11.512925464970229,7.313220387090301,5.241747015059643
376,宏鼎广场,白云,云城西路宏鼎广场,待售,18339.0,3,109.0,"写字楼,小型社区,品牌房企,近地铁,地铁沿线",337.5,9.816785218696834,5.821565510312585,4.6913478822291435
377,君超中心,天河,黄埔大道中君超中心,待售,18339.0,3,109.0,"写字楼,人车分流,小型社区,近地铁,多轨交汇",337.5,9.816785218696834,5.821565510312585,4.6913478822291435
378,星晴雅筑,番禺,市桥街光明北路儿童公园路口西侧,在售,31000.0,2,91.0,"住宅,低单价,低总价,人车分流,小型社区",282.0,10.341742483467282,5.641907070938114,4.51085950651685
379,世纪金源天河源筑,天河,东莞庄路世纪金源天河源筑,在售,61888.0,3,137.5,"住宅,车位充足,绿化率高,品牌房企,地铁沿线",987.5,11.033081578812967,6.895176496775277,4.923623917106625
380,茗筑水岸,南沙,庙南路茗筑水岸,在售,18339.0,3,109.0,"住宅,人车分流,封闭管理,国央企,公交直达",337.5,9.816785218696834,5.821565510312585,4.6913478822291435
381,龙湖金地天峯,番禺,傍雁路龙湖金地天峯,在售,80000.0,3,109.0,"商业,低总价,人车分流,大型社区,品牌房企",150.0,11.289781913656018,5.0106352940962555,4.6913478822291435
382,耀胜新世界广场,番禺,汉兴西路耀胜新世界广场,待售,18339.0,3,109.0,"写字楼,小型社区,品牌房企,近地铁,多轨交汇",337.5,9.816785218696834,5.821565510312585,4.6913478822291435
383,侨银大厦,荔湾,东漖大桥侨银大厦,待售,18339.0,3,109.0,"写字楼,小型社区,地铁沿线,公交直达,超市",337.5,9.816785218696834,5.821565510312585,4.6913478822291435
384,汉国置业港汇台,越秀,沿江中路港汇华庭二期,在售,100000.0,2,106.5,"住宅,车位充足,人车分流,近地铁,地铁沿线",1215.0,11.512925464970229,7.102499355774649,4.66814498514948
385,越秀滨海花城,南沙,广澳高速越秀滨海花城,在售,15000.0,3,86.0,"住宅,低单价,低总价,车位充足,人车分流",115.5,9.615805480084347,4.749270529961848,4.454347296253507
386,广州城投东园公馆,越秀,越秀南路广州城投东园公馆,在售,130000.0,3,134.5,"住宅,车位充足,人车分流,国央企,品牌房企",1550.0,11.77528972943772,7.346010209913292,4.901564199041894
387,中国铁建翰林新语,增城,乌石大道中国铁建翰林新语,在售,18000.0,2,83.5,"住宅,车位充足,人车分流,国央企,品牌房企",155.0,9.798127036878302,5.043425116919247,4.42484663185681
388,联投·文津府,天河,执信三路联投·文津府,在售,65000.0,3,138.0,"住宅,车位充足,绿化率高,国央企,品牌房企",917.5,11.082142548877775,6.821652579928725,4.927253685157204
389,万科·理想花地·瑧园,荔湾,广东省广州市荔湾区东漖北路191号,在售,54000.0,3,148.0,"住宅,车位充足,人车分流,国央企,品牌房企",805.0,10.896739325546411,6.690842277418563,4.997212273764115
390,万科·理想花地·朗庭,荔湾,广东省广州市荔湾区花地大道北385号,在售,47000.0,2,103.5,"住宅,人车分流,封闭管理,国央企,品牌房企",467.5,10.757902880692196,6.147399348728741,4.639571612705423
391,智联花园,番禺,石楼镇智睿大街4号,在售,30000.0,3,109.0,"底商,车位充足,人车分流,国央企,品牌房企",3000.0,10.308952660644293,8.006367567650246,4.6913478822291435
392,富豪山庄·领峰,番禺,番禺区东环街市广路232号富豪大厦,在售,30000.0,1,80.0,"住宅,低单价,低总价,车位充足,低密居所",240.0,10.308952660644293,5.480638923341991,4.382026634673881
393,仟信广场,从化,仟信街12号,在售,9000.0,1,51.0,"商业类,低单价,低总价,车位充足,绿化率高",69.0,9.104979856318357,4.23410650459726,3.9318256327243257
394,万科·瑧山府,白云,广东省广州市白云区白云大道788号,在售,70000.0,2,151.5,"住宅,车位充足,人车分流,国央企,品牌房企",1245.0,11.156250521031495,7.126890808898808,5.020585624949423
395,中建天河精诚壹号,天河,广东省广州市天河区长兴街道华观路以北，高唐路以西,在售,60000.0,2,98.0,"住宅,绿化率高,人车分流,国央企,品牌房企",622.5,11.002099841204238,6.4337436283388625,4.584967478670571
396,鹏瑞1号,天河,黄埔大道东鹏瑞金融城,在售,18339.0,3,109.0,"商业类,车位充足,人车分流,品牌房企,近地铁",337.5,9.816785218696834,5.821565510312585,4.6913478822291435
397,保利四季和颂,海珠,广东省广州市海珠区广州大道南788号,在售,90000.0,3,124.0,"住宅,车位充足,绿化率高,国央企,品牌房企",940.0,11.407564949312402,6.84587987526405,4.820281565605037
398,中国铁建西派粤府,海珠,南天路中国铁建西派粤府,在售,65000.0,4,130.0,"住宅,车位充足,绿化率高,国央企,品牌房企",990.0,11.082142548877775,6.897704943128636,4.867534450455582
399,越秀珠实城发江湾和樾,海珠,广东省广州市海珠区昌岗西路,在售,75000.0,4,147.5,"住宅,车位充足,大型社区,国央企,品牌房企",1225.0,11.225243392518447,7.110696122978827,4.993828175779875
400,空港国际·科技谷,花都,凤祥路空港国际·科技谷,待售,18339.0,3,109.0,"写字楼,小型社区,公交直达,超市,公园",337.5,9.816785218696834,5.821565510312585,4.6913478822291435
401,云庐,白云,白云大道北云庐,在售,55000.0,4,150.0,"住宅,车位充足,绿化率高,国央企,品牌房企",875.0,10.915088464214607,6.774223886357614,5.0106352940962555
402,品秀星图,增城,广州地铁13号线官湖车辆段（官湖站B出口）,在售,36000.0,3,109.0,"商业,车位充足,人车分流,国央企,品牌房企",337.5,10.491274217438246,5.821565510312585,4.6913478822291435
403,琶洲樾,海珠,新港东路琶洲樾,待售,18339.0,3,109.0,"住宅,小型社区,国央企,品牌房企,近地铁",337.5,9.816785218696834,5.821565510312585,4.6913478822291435
404,保利·天瑞,天河,广园快速路保利·天瑞,在售,80000.0,3,187.5,"住宅,车位充足,绿化率高,国央企,品牌房企",1695.0,11.289781913656018,7.43543801981455,5.233778845410465
405,珠江国际城,从化,广从南路珠江壹城,在售,19000.0,1,39.5,"底商,人车分流,大型社区,品牌房企,近地铁",110.0,9.852194258148577,4.700480365792416,3.676300671907076
406,保利锦上印,荔湾,东漖街保利锦上印,在售,54000.0,2,107.0,"住宅,绿化率高,人车分流,国央企,品牌房企",615.0,10.896739325546411,6.421622267806518,4.672828834461906
407,品秀·星瀚,番禺,大榄地路品秀·星瀚,在售,30000.0,3,109.0,"底商,低总价,车位充足,人车分流,国央企",80.0,10.308952660644293,4.382026634673881,4.6913478822291435
408,星河·盛世锦城,番禺,广东省广州市番禺区陈地路44号,在售,37000.0,3,117.0,"住宅,绿色建筑,车位充足,品牌房企,近地铁",405.5,10.51867319162636,6.005120873555468,4.762173934797756
409,科城·新世代,黄埔,四横路科城·新世代,待售,18339.0,3,109.0,"住宅,小型社区,近地铁,地铁沿线,超市",337.5,9.816785218696834,5.821565510312585,4.6913478822291435
410,丰盛101,增城,民营西一路丰盛101,待售,18339.0,3,109.0,"写字楼,小型社区,品牌房企,地铁沿线,公交直达",337.5,9.816785218696834,5.821565510312585,4.6913478822291435
411,龙湖御湖境,番禺,迎宾路龙湖御湖境,在售,46000.0,4,160.5,"住宅,车位充足,绿化率高,品牌房企,地铁沿线",715.0,10.736396675471232,6.5722825426940075,5.07829394257007
412,珠实·西关都荟,荔湾,荔湾区南岸路26号,在售,70000.0,4,115.5,"住宅,人车分流,小型社区,国央企,品牌房企",840.0,11.156250521031495,6.733401891837359,4.749270529961848
413,正升星荟,白云,石沙公路正升星荟,待售,18339.0,3,109.0,"商业类,小型社区,品牌房企,近地铁,地铁沿线",337.5,9.816785218696834,5.821565510312585,4.6913478822291435
414,珠江右岸,白云,广海路珠江右岸,待售,18339.0,3,109.0,"住宅,小型社区,国央企,品牌房企,超市",337.5,9.816785218696834,5.821565510312585,4.6913478822291435
415,保利锦上,黄埔,隧南路保利锦上,在售,35000.0,3,79.0,"底商,车位充足,人车分流,国央企,品牌房企",190.0,10.46310334047155,5.247024072160486,4.3694478524670215
416,光大ONE+,增城,香山大道与创盈路交汇处,待售,18339.0,3,109.0,"写字楼,大型社区,品牌房企,公交直达,超市",337.5,9.816785218696834,5.821565510312585,4.6913478822291435
417,广汇新世界金融中心,增城,广东省广州市增城区凤凰北一路64号,待售,18339.0,3,109.0,"写字楼,小型社区,近地铁,地铁沿线,超市",337.5,9.816785218696834,5.821565510312585,4.6913478822291435
418,广州地铁地产珑璟台,海珠,龙潭东环街广州地铁地产·珑璟台,在售,95000.0,3,157.5,"住宅,人车分流,小型社区,国央企,品牌房企",1450.0,11.461632170582677,7.27931883541462,5.059425458265688
419,万科瑧樾府,越秀,东濠涌高架路万科·瑧樾府,在售,90000.0,3,143.5,"住宅,小型社区,封闭管理,国央企,品牌房企",1375.0,11.407564949312402,7.226209010100671,4.966335035199676
420,广建·云城学府,白云,广州市白云区广建·云城学府,待售,18339.0,3,109.0,"住宅,绿化率高,大型社区,国央企,品牌房企",337.5,9.816785218696834,5.821565510312585,4.6913478822291435
421,长隆万博悦府,番禺,汉溪大道东长隆万博悦府,在售,65000.0,4,204.0,"住宅,车位充足,绿化率高,国央企,品牌房企",1465.0,11.082142548877775,7.289610521451167,5.318119993844216
422,粤海壹桂府,越秀,北京路粤海壹桂府,待售,18339.0,3,109.0,"商业,国央企,品牌房企,近地铁,地铁沿线",337.5,9.816785218696834,5.821565510312585,4.6913478822291435
423,广州之窗商务港,海珠,振兴大街,待售,18339.0,3,109.0,"写字楼,大型社区,国央企,品牌房企,近地铁",337.5,9.816785218696834,5.821565510312585,4.6913478822291435
424,亿凯创智汇,白云,北太路亿凯创智汇,待售,18339.0,3,109.0,"商业,小型社区,地铁沿线,公交直达,综合商场",337.5,9.816785218696834,5.821565510312585,4.6913478822291435
425,晓庐,海珠,新港东路晓庐,待售,18339.0,3,109.0,"酒店式公寓,小型社区,近地铁,地铁沿线,超市",337.5,9.816785218696834,5.821565510312585,4.6913478822291435
426,东基天河阳光,天河,大观街东基·天河阳光,在售,38000.0,3,109.0,"商业,低总价,人车分流,小型社区,品牌房企",120.0,10.545341438708522,4.787491742782046,4.6913478822291435
427,保利阅江台,海珠,广东省广州市海珠区玉菡路50号,在售,92000.0,4,173.5,"住宅,车位充足,人车分流,国央企,品牌房企",1600.0,11.429543856031177,7.3777589082278725,5.156177599386914
428,广州足球公园,番禺,谢村地铁站旁,待售,18339.0,3,109.0,"住宅,大型社区,国央企,品牌房企,近地铁",337.5,9.816785218696834,5.821565510312585,4.6913478822291435
429,金侨岭南院,番禺,莲湖路1号,待售,18339.0,3,109.0,"住宅,小型社区,公交直达,超市",337.5,9.816785218696834,5.821565510312585,4.6913478822291435
430,越秀滨江樾,海珠,滨江西路256号,在售,90000.0,4,246.5,"住宅,车位充足,小型社区,国央企,品牌房企",2325.0,11.407564949312402,7.751475318021456,5.5073619934827445
431,江语上品苑,白云,广州市白云区广海路以北,在售,45000.0,3,195.0,"住宅,特价好房,车位充足,人车分流,国央企",1160.0,10.714417768752456,7.05617528410041,5.272999558563747
432,淘金山花园,增城,朱村街淘金山花园,待售,18339.0,3,109.0,"住宅,小型社区,超市",337.5,9.816785218696834,5.821565510312585,4.6913478822291435
433,旺村·知筑,黄埔,旺村西路旺村知筑,待售,18339.0,3,109.0,"住宅,小型社区,国央企,地铁沿线,公交直达",337.5,9.816785218696834,5.821565510312585,4.6913478822291435
434,华润置地天河润府,天河,广州天河奥体天河区·广园快速路·天河儿童公园旁,在售,60000.0,3,105.5,"住宅,车位充足,绿化率高,国央企,品牌房企",605.0,11.002099841204238,6.405228458030841,4.658710952916121
435,君熙府,越秀,解放中路392号,在售,85000.0,3,119.5,"住宅,车位充足,人车分流,近地铁,地铁沿线",1125.0,11.350406535472453,7.025538314638521,4.783316371371566
436,云瀚府,越秀,白云路29-31号,在售,100000.0,4,163.5,"住宅,车位充足,人车分流,品牌房企,近地铁",1675.0,11.512925464970229,7.423568444259167,5.096812990337308
437,佳兆业佳泽园,增城,荔城街增城大道钟岗地铁D出口附近,在售,18500.0,3,109.0,"底商,低单价,车位充足,人车分流,品牌房企",130.0,9.825526011066415,4.867534450455582,4.6913478822291435
438,保利水木芳华,增城,朱村大道西保利水木芳华,待售,25000.0,3,109.0,"底商,人车分流,小型社区,国央企,品牌房企",130.0,10.126631103850338,4.867534450455582,4.6913478822291435
439,铂玥明珠ONE,南沙,文字路铂玥明珠ONE,在售,14000.0,2,62.0,"商业类,车位充足,人车分流,品牌房企,近地铁",105.5,9.546812608597396,4.658710952916121,4.127134385045092
440,珠光小北御景,越秀,越秀北路,待售,18339.0,3,109.0,"住宅,小型社区,近地铁,地铁沿线,超市",337.5,9.816785218696834,5.821565510312585,4.6913478822291435
441,中海浣花里,荔湾,浣花路中海浣花里,在售,46000.0,3,89.5,"住宅,人车分流,小型社区,国央企,品牌房企",407.5,10.736396675471232,6.010040932680917,4.4942386252808095
442,武汉城建·保利·花语和岸,荔湾,广东省广州市荔湾区花地街道涌岸街武汉城建·保利·花语和岸,在售,51000.0,4,114.0,"住宅,绿化率高,人车分流,品牌房企,近地铁",590.0,10.839580911706463,6.380122536899765,4.736198448394496
443,青云喜满园,从化,和鸣路青云喜满园,待售,18339.0,3,109.0,"住宅,车位充足,绿化率高,公交直达,综合商场",337.5,9.816785218696834,5.821565510312585,4.6913478822291435
444,朗悦时光里,花都,瑞云路朗悦时光里,待售,18339.0,3,109.0,"商业,人车分流,小型社区,近地铁,地铁沿线",337.5,9.816785218696834,5.821565510312585,4.6913478822291435
445,云星汇,白云,广云路云星汇,待售,18339.0,3,109.0,"商业类,小型社区,近地铁,地铁沿线,超市",337.5,9.816785218696834,5.821565510312585,4.6913478822291435
446,保利琅誉,番禺,广东省广州市番禺区傍雁路98号,在售,33000.0,3,112.0,"住宅,车位充足,绿化率高,国央企,品牌房企",392.5,10.404262840448617,5.972536537222463,4.718498871295094
447,路劲美的隽樾府,番禺,广东省广州市番禺区东盛路50号,在售,38000.0,2,109.5,"住宅,低总价,车位充足,人车分流,品牌房企",415.0,10.545341438708522,6.028278520230698,4.695924549256556
448,明月豪庭,越秀,解放中路明月豪庭,在售,28000.0,1,87.0,"商业类,小型社区,近地铁,地铁沿线,小户型",315.5,10.239959789157341,5.754158681981267,4.465908118654584
449,中铁诺德·阅泷,白云,广花路430号,在售,18339.0,3,109.0,"底商,低总价,车位充足,大型社区,国央企",337.5,9.816785218696834,5.821565510312585,4.6913478822291435
450,保利和颂,荔湾,浣花路保利和颂,在售,46000.0,2,85.5,"住宅,低总价,人车分流,小型社区,国央企",419.5,10.736396675471232,6.0390635259072605,4.448516375942714
451,国贸云上,白云,白云-嘉禾望岗/松园路国贸云上,在售,50000.0,3,114.0,"住宅,绿化率高,人车分流,国央企,品牌房企",502.5,10.819778284410283,6.219595639933231,4.736198448394496
452,益乐邻里,白云,机场路益乐邻里,待售,18339.0,3,109.0,"住宅,小型社区,国央企,地铁沿线,公交直达",337.5,9.816785218696834,5.821565510312585,4.6913478822291435
453,琶洲One57,海珠,广东省广州市海珠区新港东路107号,在售,55000.0,2,50.5,"商业类,人车分流,小型社区,国央企,品牌房企",240.0,10.915088464214607,5.480638923341991,3.921973336281314
454,盛禾水悦城,白云,珠岗路盛禾水悦城,待售,18339.0,3,109.0,"商业类,小型社区,近地铁,地铁沿线,超市",337.5,9.816785218696834,5.821565510312585,4.6913478822291435
455,嘉禧天和大厦,天河,广州市天河区黄村康体路,待售,18339.0,3,109.0,"商业类,人车分流,小型社区,近地铁,多轨交汇",337.5,9.816785218696834,5.821565510312585,4.6913478822291435
456,广州城投湾区金融港,天河,广东省广州市天河区临江大道北,在售,18339.0,3,109.0,"商业类,人车分流,小型社区,国央企,品牌房企",337.5,9.816785218696834,5.821565510312585,4.6913478822291435
457,中金岭南鑫贸大厦,南沙,沙嘴东路中金岭南鑫贸大厦,待售,18339.0,3,109.0,"写字楼,小型社区,国央企,地铁沿线,公交直达",337.5,9.816785218696834,5.821565510312585,4.6913478822291435
458,星河智荟二期,南沙,新村街星河智荟二期,在售,18000.0,3,103.0,"住宅,低单价,低总价,绿化率高,人车分流",190.0,9.798127036878302,5.247024072160486,4.634728988229636
459,亿凯创智汇,白云,北太路亿凯创智汇,在售,14000.0,3,64.0,"商业类,优惠楼盘,低总价,小型社区,地铁沿线",90.0,9.546812608597396,4.499809670330265,4.1588830833596715
460,嘉裕华庭,番禺,繁华路170号,待售,18339.0,3,109.0,"住宅,车位充足,小型社区,地铁沿线,公交直达",337.5,9.816785218696834,5.821565510312585,4.6913478822291435
461,建发央玺,白云,石潭路444号,待售,18339.0,3,109.0,"商业类,大型社区,国央企,品牌房企,近地铁",337.5,9.816785218696834,5.821565510312585,4.6913478822291435
462,建发明珠湾玺,南沙,凤凰大道建发明珠湾玺,在售,19500.0,3,109.0,"商业类,人车分流,封闭管理,国央企,品牌房企",70.0,9.878169744551839,4.2484952420493585,4.6913478822291435
463,建发明珠湾玺,南沙,凤凰大道建发明珠湾玺,在售,19500.0,0,54.0,"商业,低总价,人车分流,封闭管理,国央企",100.0,9.878169744551839,4.605170185988091,3.988984046564274
464,金海岸花园观海,番禺,广东省广州市番禺区金海岸大道87号,在售,50000.0,4,269.0,"住宅,绿化率高,大平层,动静分明,现房",1360.0,10.819778284410283,7.215239978730097,5.594711379601839
465,敏捷东樾府,增城,绿湖南路西南向,待售,18339.0,3,109.0,"商业,车位充足,人车分流,品牌房企,公交直达",337.5,9.816785218696834,5.821565510312585,4.6913478822291435
466,润悦,增城,广汕公路华润置地润悦,待售,18339.0,3,109.0,"商业,大型社区,国央企,品牌房企,公交直达",337.5,9.816785218696834,5.821565510312585,4.6913478822291435
467,珠光御景壹號,荔湾,黄沙大道15-17号,待售,18339.0,3,109.0,"商业,车位充足,大型社区,国央企,品牌房企",337.5,9.816785218696834,5.821565510312585,4.6913478822291435
468,中新知识城国际领军人才集聚区,黄埔,狮龙大道中（凤凰湖北岸）,待售,18339.0,3,109.0,"写字楼,大型社区,近地铁,地铁沿线,综合商场",337.5,9.816785218696834,5.821565510312585,4.6913478822291435
469,广州城投未来智都,白云,云康南路广州城投未来智都,待售,18339.0,3,109.0,"写字楼,小型社区,国央企,近地铁,地铁沿线",337.5,9.816785218696834,5.821565510312585,4.6913478822291435
470,奥园湾区智谷,南沙,纵三路奥园湾区智谷,待售,18339.0,3,109.0,"写字楼,小型社区,品牌房企,地铁沿线,公园",337.5,9.816785218696834,5.821565510312585,4.6913478822291435
471,高新仕林苑,黄埔,广州黄埔长岭居萝岭路以东、长贤路以南,在售,35000.0,3,140.5,"住宅,车位充足,绿化率高,国央企,品牌房企",425.0,10.46310334047155,6.052089168924416,4.9452074887738
472,越秀白云星汇城,白云,14号线钟落潭地铁站旁,待售,18339.0,3,109.0,"商业,大型社区,国央企,品牌房企,地铁沿线",337.5,9.816785218696834,5.821565510312585,4.6913478822291435
473,金茂万科都会四季商铺,增城,新塘镇东江大道和沿江大道交汇处,待售,18339.0,3,109.0,"商业,车位充足,人车分流,国央企,品牌房企",337.5,9.816785218696834,5.821565510312585,4.6913478822291435
474,国化广场,白云,广东省广州市白云区云城北二路116号,待售,18339.0,3,109.0,"商业类,车位充足,人车分流,近地铁,地铁沿线",337.5,9.816785218696834,5.821565510312585,4.6913478822291435
475,东基天河阳光,天河,大观街东基·天河阳光,待售,18339.0,3,109.0,"商业类,人车分流,小型社区,品牌房企,地铁沿线",337.5,9.816785218696834,5.821565510312585,4.6913478822291435
476,中海江泰里,海珠,广东省广州市海珠区江泰路46号,待售,18339.0,3,109.0,"商业,小型社区,国央企,品牌房企,近地铁",337.5,9.816785218696834,5.821565510312585,4.6913478822291435
477,星河畔月湾,南沙,新广一路星河畔月湾,待售,18339.0,3,109.0,"商业,车位充足,大型社区,公交直达,公园",337.5,9.816785218696834,5.821565510312585,4.6913478822291435
478,耀胜新世界广场,番禺,汉兴西路耀胜新世界广场,待售,18339.0,3,109.0,"商业,小型社区,品牌房企,近地铁,多轨交汇",337.5,9.816785218696834,5.821565510312585,4.6913478822291435
479,万科黄埔新城,黄埔,广东省广州市黄埔区沙步大路12,待售,18339.0,3,109.0,"商业,车位充足,人车分流,国央企,品牌房企",337.5,9.816785218696834,5.821565510312585,4.6913478822291435
480,中建凤榕台,增城,新时路中建凤榕台,待售,18339.0,3,109.0,"商业,小型社区,国央企,品牌房企,近地铁",337.5,9.816785218696834,5.821565510312585,4.6913478822291435
481,IN PARK星贸中心,黄埔,映日路IN PARK星贸中心,待售,18339.0,3,109.0,"商业类,小型社区,国央企,品牌房企,近地铁",337.5,9.816785218696834,5.821565510312585,4.6913478822291435
482,中建·星光城,白云,石沙路与朝阳联滘街交界处,待售,18339.0,3,109.0,"商业,小型社区,国央企,品牌房企,近地铁",337.5,9.816785218696834,5.821565510312585,4.6913478822291435
483,嘉禧天和,天河,黄村康体路嘉禧天和,待售,18339.0,3,109.0,"商业类,小型社区,近地铁,多轨交汇,超市",337.5,9.816785218696834,5.821565510312585,4.6913478822291435
484,金祥大厦,荔湾,站前路193号,待售,18339.0,3,109.0,"商业,小型社区,近地铁,地铁沿线,超市",337.5,9.816785218696834,5.821565510312585,4.6913478822291435
485,天鹅壹号,海珠,环岛路天鹅壹号,待售,18339.0,3,109.0,"商业类,小型社区,近地铁,多轨交汇,超市",337.5,9.816785218696834,5.821565510312585,4.6913478822291435
486,粤海·云港城,白云,云城西路粤海·云港城,在售,40000.0,2,99.0,"商业类,人车分流,大型社区,国央企,品牌房企",445.0,10.596634733096073,6.09807428216624,4.59511985013459
487,星河发展大厦,南沙,广东省广州市南沙区横沥镇星河发展大厦,待售,18339.0,3,109.0,"商业,车位充足,小型社区,品牌房企,地铁沿线",337.5,9.816785218696834,5.821565510312585,4.6913478822291435
488,迈谷·天河科融苑,天河,车陂西路迈谷科融苑,待售,18339.0,3,109.0,"商业类,小型社区,近地铁,地铁沿线,超市",337.5,9.816785218696834,5.821565510312585,4.6913478822291435
489,银帝云珹天地,白云,云城东路银帝云珹天地,待售,18339.0,3,109.0,"写字楼,车位充足,人车分流,品牌房企,近地铁",337.5,9.816785218696834,5.821565510312585,4.6913478822291435
490,广州力合科创中心,白云,石门街道广州力合科创中心,待售,18339.0,3,109.0,"写字楼,小型社区,国央企,品牌房企,近地铁",337.5,9.816785218696834,5.821565510312585,4.6913478822291435
491,城投天禧,天河,广州市天河区智慧城华观路与大观中路交界处(地铁21号线天河智慧城站B出口可达),在售,46000.0,3,123.0,"住宅,车位充足,绿化率高,国央企,品牌房企",695.0,10.736396675471232,6.543911845564792,4.812184355372417
492,建鑫荔棠雅苑,增城,广深大道中88号,在售,18339.0,3,109.0,"住宅,小型社区,地铁沿线,公交直达,综合商场",337.5,9.816785218696834,5.821565510312585,4.6913478822291435
493,新世界·天馥,荔湾,珠江桥南侧花卉研究所西侧,在售,41000.0,3,107.5,"住宅,低总价,人车分流,大型社区,品牌房企",472.5,10.621327345686444,6.158037746933797,4.677490847567717
494,黄埔创新中心,黄埔,丰乐北路雅居乐黄埔创新中心,待售,18339.0,3,109.0,"商业类,小型社区,地铁沿线,公交直达,综合商场",337.5,9.816785218696834,5.821565510312585,4.6913478822291435
495,建华广场,白云,云城东路555号,待售,18339.0,3,109.0,"商业类,品牌房企,近地铁,地铁沿线,超市",337.5,9.816785218696834,5.821565510312585,4.6913478822291435
496,珠江国际创业中心,增城,新塘镇创想路8号,待售,18339.0,3,109.0,"商业类,国央企,品牌房企,公交直达,综合商场",337.5,9.816785218696834,5.821565510312585,4.6913478822291435
497,金茂万科都会四季,增城,新塘镇东江大道和沿江大道交汇处,待售,18339.0,3,109.0,"商业类,车位充足,人车分流,国央企,品牌房企",337.5,9.816785218696834,5.821565510312585,4.6913478822291435
498,钧明欢乐世界,增城,镇永和誉山国际山语一街5号一层,待售,18339.0,3,109.0,"商业类,小型社区,品牌房企,公交直达,综合商场",337.5,9.816785218696834,5.821565510312585,4.6913478822291435
499,铂玥明珠ONE,南沙,文字路铂玥明珠ONE,待售,18339.0,3,109.0,"商业,小型社区,品牌房企,近地铁,地铁沿线",337.5,9.816785218696834,5.821565510312585,4.6913478822291435
500,朗悦时光里,花都,瑞云路朗悦时光里,待售,18339.0,3,109.0,"商业类,小型社区,近地铁,地铁沿线,综合商场",337.5,9.816785218696834,5.821565510312585,4.6913478822291435
501,鱼珠·星河里,黄埔,护林路2号（天河珠村东侧）,在售,18339.0,3,109.0,"商业类,小型社区,多轨交汇,地铁沿线,综合商场",337.5,9.816785218696834,5.821565510312585,4.6913478822291435
502,广开云汇科技金融中心,黄埔,科学大道广开云汇科技金融中心,在售,28000.0,1,81.5,"商业类,车位充足,人车分流,国央企,品牌房企",222.5,10.239959789157341,5.404927101606295,4.400603020246817
503,珠江科技创新园,海珠,新滘东路珠江科技创新园,待售,18339.0,3,109.0,"商业类,小型社区,品牌房企,地铁沿线,公交直达",337.5,9.816785218696834,5.821565510312585,4.6913478822291435
504,中海天幕湾,番禺,兴亚五路中海天幕湾,在售,36000.0,4,208.5,"住宅,车位充足,人车分流,国央企,品牌房企",850.0,10.491274217438246,6.745236349484362,5.339939041238856
505,云筑上品,白云,广东省广州市白云区鹤边细彭岭路4号,在售,45000.0,3,115.0,"住宅,车位充足,绿化率高,国央企,品牌房企",519.5,10.714417768752456,6.252866810539282,4.74493212836325
506,珠江铂世湾,番禺,江山帝景高尔夫东侧,待售,18339.0,3,109.0,"底商,车位充足,人车分流,品牌房企,地铁沿线",337.5,9.816785218696834,5.821565510312585,4.6913478822291435
507,首开保利.云湖壹号,白云,向西大道白云湖东门旁,在售,47000.0,1,30.0,"商业,低总价,车位充足,人车分流,国央企",140.0,10.757902880692196,4.941642422609304,3.4011973816621555
508,中建联投学府悦城,增城,增城大道318号,在售,28000.0,3,109.0,"底商,车位充足,人车分流,国央企,品牌房企",337.5,10.239959789157341,5.821565510312585,4.6913478822291435
509,五矿招商江天际,白云,广东省广州市白云区,在售,18339.0,3,109.0,"商业类,低总价,人车分流,大型社区,国央企",337.5,9.816785218696834,5.821565510312585,4.6913478822291435
510,晟云台,白云,广东省广州市白云区石湖新大路晟云台,在售,38000.0,3,109.0,"商业,低总价,车位充足,人车分流,地铁沿线",2200.0,10.545341438708522,7.696212639346407,4.6913478822291435
511,金地云上,增城,新新大道 118省道与新墩路交叉口西南220米,在售,20000.0,3,109.0,"商业,车位充足,人车分流,品牌房企,地铁沿线",95.0,9.903487552536127,4.553876891600541,4.6913478822291435
512,保利湖光悦色,海珠,华洲路保利湖光悦色,待售,18339.0,3,109.0,"商业,车位充足,国央企,品牌房企,近地铁",337.5,9.816785218696834,5.821565510312585,4.6913478822291435
513,东环万科中心,番禺,广州市番禺区东环街东星路90号,待售,18339.0,3,109.0,"商业类,小型社区,国央企,品牌房企,公交直达",337.5,9.816785218696834,5.821565510312585,4.6913478822291435
514,南国中心,番禺,广东省广州市番禺区南村镇里仁洞村冼庄工业园瑞华汽车城,待售,18339.0,3,109.0,"商业类,小型社区,公交直达,超市",337.5,9.816785218696834,5.821565510312585,4.6913478822291435
515,保利云境,白云,鹤联街保利云境,在售,36000.0,2,89.0,"住宅,低总价,绿化率高,人车分流,国央企",280.0,10.491274217438246,5.634789603169249,4.48863636973214
516,越秀·观樾,天河,黄村街道越秀观樾,在售,85000.0,4,195.0,"住宅,车位充足,绿化率高,国央企,置换改善",1675.0,11.350406535472453,7.423568444259167,5.272999558563747
517,海丝未来时区,黄埔,龙湖街道海丝未来时区,待售,18339.0,3,109.0,"商业类,小型社区,国央企,近地铁,地铁沿线",337.5,9.816785218696834,5.821565510312585,4.6913478822291435
518,星灿大厦,天河,大观街星灿大厦,待售,18339.0,3,109.0,"写字楼,小型社区,品牌房企,地铁沿线,综合商场",337.5,9.816785218696834,5.821565510312585,4.6913478822291435
519,ing未来印,天河,车陂街道未来印,待售,18339.0,3,109.0,"商业类,小型社区,品牌房企,近地铁,多轨交汇",337.5,9.816785218696834,5.821565510312585,4.6913478822291435
520,时代天逸,南沙,黄阁地铁站A出口,待售,18339.0,3,109.0,"写字楼,车位充足,大型社区,品牌房企,近地铁",337.5,9.816785218696834,5.821565510312585,4.6913478822291435
521,星河·湾区壹号,南沙,金苑大街与金苑横街交叉口西,待售,18339.0,3,109.0,"商业,品牌房企,地铁沿线,公交直达,超市",337.5,9.816785218696834,5.821565510312585,4.6913478822291435
522,华宇·锦绣云赋,从化,从城大道风云岭段北侧,待售,18339.0,3,109.0,"商业,车位充足,人车分流,品牌房企,公交直达",337.5,9.816785218696834,5.821565510312585,4.6913478822291435
523,升龙·学府上城,黄埔,九龙大道,待售,18339.0,3,109.0,"商业,小型社区,品牌房企,近地铁,地铁沿线",337.5,9.816785218696834,5.821565510312585,4.6913478822291435
524,力迅·西关雅筑,荔湾,中山七路与康王北路交汇处,待售,18339.0,3,109.0,"商业,人车分流,小型社区,品牌房企,近地铁",337.5,9.816785218696834,5.821565510312585,4.6913478822291435
525,越秀珠实天悦海湾,南沙,南沙商贸大道天悦海湾,在售,10000.0,3,109.0,"商业,低单价,低总价,车位充足,人车分流",45.0,9.210340371976182,3.8066624897703196,4.6913478822291435
526,中鼎·君和名城珺合府,黄埔,丰乐北路68号,待售,18339.0,3,109.0,"商业,大型社区,近地铁,地铁沿线,综合商场",337.5,9.816785218696834,5.821565510312585,4.6913478822291435
527,富力富云山,白云,黄石西街23号,待售,18339.0,3,109.0,"商业,车位充足,大型社区,品牌房企,近地铁",337.5,9.816785218696834,5.821565510312585,4.6913478822291435
528,奥飞文创中心,黄埔,创新大道以西、凤湖二路以北,待售,18339.0,3,109.0,"商业,小型社区,地铁沿线,综合商场,超市",337.5,9.816785218696834,5.821565510312585,4.6913478822291435
529,星际云汇,黄埔,彩文路星际云汇,待售,18339.0,3,109.0,"商业,小型社区,国央企,近地铁,地铁沿线",337.5,9.816785218696834,5.821565510312585,4.6913478822291435
530,招商湾区1872,南沙,庆沙路招商湾区1872,待售,18339.0,3,109.0,"商业,车位充足,小型社区,国央企,品牌房企",337.5,9.816785218696834,5.821565510312585,4.6913478822291435
531,越秀中国铁建南投海语天悦湾,南沙,凤凰大道越秀中国铁建南投海语天悦湾,待售,18339.0,3,109.0,"商业,车位充足,人车分流,国央企,品牌房企",337.5,9.816785218696834,5.821565510312585,4.6913478822291435
532,云裳峯尚,白云,白水塘中街云裳峯尚,待售,18339.0,3,109.0,"商业,小型社区,品牌房企,近地铁,地铁沿线",337.5,9.816785218696834,5.821565510312585,4.6913478822291435
533,卓越招商臻珑府,黄埔,龙头路卓越招商臻珑府,在售,18339.0,3,109.0,"商业,人车分流,小型社区,国央企,品牌房企",337.5,9.816785218696834,5.821565510312585,4.6913478822291435
534,中洲紫轩,黄埔,中山大道东中洲紫轩,待售,18339.0,3,109.0,"商业,小型社区,品牌房企,近地铁,多轨交汇",337.5,9.816785218696834,5.821565510312585,4.6913478822291435
535,金地天河峯睿,天河,健明五路与广棠路交叉路口东北侧(国六宝肉菜市场南侧约100米),待售,18339.0,3,109.0,"商业,车位充足,小型社区,品牌房企,近地铁",337.5,9.816785218696834,5.821565510312585,4.6913478822291435
536,保利翔龙天汇,黄埔,广汕公路黄陂地铁站B出口(第一一七中学旁),待售,18339.0,3,109.0,"商业,车位充足,大型社区,国央企,品牌房企",337.5,9.816785218696834,5.821565510312585,4.6913478822291435
537,创基天璟,增城,增城-荔城中区/增城大道72号,待售,18339.0,3,109.0,"商业类,车位充足,人车分流,品牌房企,地铁沿线",337.5,9.816785218696834,5.821565510312585,4.6913478822291435
538,中建弘阳德信湾璟壹号,南沙,兴隆路(美的南沙工业园东南侧约250米),待售,18339.0,3,109.0,"商业,车位充足,小型社区,国央企,品牌房企",337.5,9.816785218696834,5.821565510312585,4.6913478822291435
539,天健天玺,黄埔,长岭街道岭头社区S379(永顺大道),待售,18339.0,3,109.0,"商业,国央企,品牌房企,地铁沿线,公交直达",337.5,9.816785218696834,5.821565510312585,4.6913478822291435
540,广州城投湾区金融港,天河,广东省广州市天河区临江大道北,待售,18339.0,3,109.0,"商业,小型社区,国央企,品牌房企,近地铁",337.5,9.816785218696834,5.821565510312585,4.6913478822291435
541,凯德双桥新作,荔湾,裕福街凯德双桥新作,待售,18339.0,3,109.0,"商业,人车分流,小型社区,品牌房企,近地铁",337.5,9.816785218696834,5.821565510312585,4.6913478822291435
542,合景月养云来,增城,白石路合景月养云来,待售,18339.0,3,109.0,"商业类,小型社区,品牌房企,超市",337.5,9.816785218696834,5.821565510312585,4.6913478822291435
543,广州白云站TOD粤胜广场,白云,中国.广州白云站TOD,在售,30000.0,1,2439.0,"商业,低总价,车位充足,人车分流,国央企",7804.8,10.308952660644293,8.962494208021601,7.79934339821592
544,琶洲公馆,海珠,新港东路608号,待售,18339.0,3,109.0,"商业类,小型社区,国央企,品牌房企,近地铁",337.5,9.816785218696834,5.821565510312585,4.6913478822291435
545,广州滨江上都,荔湾,芳村大道南广州滨江上都,待售,18339.0,3,109.0,"写字楼,大型社区,品牌房企,多轨交汇,地铁沿线",337.5,9.816785218696834,5.821565510312585,4.6913478822291435
546,大华城东瀚,增城,朱村大道东大华城东瀚,在售,26000.0,3,109.0,"商业,车位充足,人车分流,品牌房企,近地铁",337.5,10.165851817003619,5.821565510312585,4.6913478822291435
547,明月豪庭,越秀,解放中路明月豪庭,在售,28000.0,1,87.0,"写字楼,小型社区,近地铁,地铁沿线,小户型",315.5,10.239959789157341,5.754158681981267,4.465908118654584
548,新城市领院,天河,桃园西路新城市领院,在售,80000.0,3,109.0,"住宅,车位充足,绿化率高,高品质小区,品牌房企",1800.0,11.289781913656018,7.495541943884255,4.6913478822291435
549,晟云台,白云,石湖新大路晟云台,待售,18339.0,3,109.0,"写字楼,车位充足,小型社区,地铁沿线,超市",337.5,9.816785218696834,5.821565510312585,4.6913478822291435
550,中国软件CBD,黄埔,护林路中国软件CBD,待售,18339.0,3,109.0,"商业类,小型社区,国央企,地铁沿线,公交直达",337.5,9.816785218696834,5.821565510312585,4.6913478822291435
551,中国铁建招商蛇口西派天河序,天河,广东省广州市天河区牛利岗北街168号,在售,85000.0,4,157.5,"住宅,车位充足,人车分流,国央企,品牌房企",1350.0,11.350406535472453,7.207859871432475,5.059425458265688
552,绿城·揽江印月,番禺,广州市番禺区沙头街道沙堤路700号汀岸花园,在售,18339.0,3,109.0,"住宅,小型社区,公交直达,超市,视频看房",337.5,9.816785218696834,5.821565510312585,4.6913478822291435
553,珠江太古聚龙湾,荔湾,达江路珠江太古聚龙湾,待售,18339.0,3,109.0,"住宅,小型社区,近地铁,多轨交汇,超市",337.5,9.816785218696834,5.821565510312585,4.6913478822291435
554,保利琶洲四季,海珠,琶洲街道保利琶洲四季,在售,40000.0,3,117.0,"商业类,人车分流,封闭管理,国央企,品牌房企",445.0,10.596634733096073,6.09807428216624,4.762173934797756
555,学畔公馆,番禺,兴业大道学畔公馆,待售,18339.0,3,109.0,"商业类,小型社区,品牌房企,地铁沿线,公交直达",337.5,9.816785218696834,5.821565510312585,4.6913478822291435
556,中国铁建西派澜岸,南沙,长沙村西街中国铁建西派澜岸,待售,18339.0,3,109.0,"商业类,车位充足,人车分流,国央企,品牌房企",337.5,9.816785218696834,5.821565510312585,4.6913478822291435
557,致景轩,海珠,广东省广州市海珠区华盛南路209号2层,在售,52000.0,2,94.0,"住宅,车位充足,人车分流,地铁沿线,公交直达",497.5,10.858998997563564,6.209595556598647,4.543294782270004
558,珺筑水岸,南沙,广州市南沙区灵心支线与万新大道交叉口西行500米,在售,17000.0,4,147.0,"住宅,低单价,低总价,车位充足,人车分流",247.5,9.740968623038352,5.511410582008745,4.990432586778736
559,珠江壹号,海珠,逸景路353号,待售,18339.0,3,109.0,"商业类,大型社区,多轨交汇,地铁沿线,超市",337.5,9.816785218696834,5.821565510312585,4.6913478822291435
560,中海大境,海珠,新窖西路中海大境,在售,90000.0,3,197.5,"住宅,车位充足,绿化率高,国央企,品牌房企",1860.0,11.407564949312402,7.528331766707247,5.285738584341177
561,鸿成珠江玥,南沙,珠江路一巷1号,待售,18339.0,3,109.0,"商业类,小型社区,地铁沿线,公交直达,综合商场",337.5,9.816785218696834,5.821565510312585,4.6913478822291435
562,保利燕语堂悦,海珠,广东省广州市海珠区工业大道中313号,在售,60000.0,3,101.5,"住宅,车位充足,绿化率高,国央企,品牌房企",635.0,11.002099841204238,6.453624998892692,4.620058798481842
563,越秀天悦云啟,南沙,三沙公路越秀天悦云啟,待售,18339.0,3,109.0,"住宅,人车分流,小型社区,国央企,品牌房企",337.5,9.816785218696834,5.821565510312585,4.6913478822291435
564,能建天河麓誉府,天河,广州天河奥体广汕二路高塘石地铁站往东约700米,在售,46000.0,3,102.5,"住宅,车位充足,绿化率高,国央企,品牌房企",504.0,10.736396675471232,6.222576268071369,4.629862798578463
565,英广瑧尚,天河,先烈东横路英广瑧尚,待售,18339.0,3,109.0,"住宅,小型社区,近地铁,地铁沿线,超市",337.5,9.816785218696834,5.821565510312585,4.6913478822291435
566,南沙开建·源筑新城,南沙,万新大道南沙开建·源筑新城,待售,18339.0,3,109.0,"住宅,小型社区,国央企,品牌房企,公交直达",337.5,9.816785218696834,5.821565510312585,4.6913478822291435
567,保利华创都荟天珺,天河,员村街道保利华创都荟天珺,在售,100000.0,4,205.0,"住宅,车位充足,绿化率高,国央企,品牌房企",2250.0,11.512925464970229,7.718685495198465,5.323009979138408
568,保利滨江和著,番禺,广东省广州市番禺区南村镇兴南大道368号,在售,39000.0,2,114.0,"住宅,低总价,车位充足,绿化率高,国央企",505.0,10.571316925111784,6.224558429275359,4.736198448394496
569,西派尊府,南沙,33号路西派尊府,待售,18339.0,3,109.0,"住宅,车位充足,人车分流,国央企,公交直达",337.5,9.816785218696834,5.821565510312585,4.6913478822291435
570,羊城时尚汇,增城,新新公路羊城时尚汇,待售,18339.0,3,109.0,"商业类,人车分流,公交直达,已交房1年内,已交房2年内",337.5,9.816785218696834,5.821565510312585,4.6913478822291435
571,星河·盛世锦城,番禺,市新公路星河·盛世锦城,待售,18339.0,3,109.0,"底商,车位充足,人车分流,品牌房企,近地铁",337.5,9.816785218696834,5.821565510312585,4.6913478822291435
572,鹏瑞金融城,天河,黄埔大道东鹏瑞金融城,待售,18339.0,3,109.0,"商业类,小型社区,近地铁,多轨交汇,超市",337.5,9.816785218696834,5.821565510312585,4.6913478822291435
573,保利琅悦,花都,云山大道保利琅悦,在售,24000.0,3,137.5,"住宅,车位充足,绿化率高,国央企,品牌房企",300.0,10.085809109330082,5.703782474656201,4.923623917106625
574,越禧府,越秀,先烈南路越禧府,待售,18339.0,3,109.0,"住宅,小型社区,近地铁,多轨交汇,超市",337.5,9.816785218696834,5.821565510312585,4.6913478822291435
575,星河盛世禧悦,黄埔,开创大道星河盛世禧悦,在售,24000.0,3,98.0,"住宅,低单价,车位充足,绿化率高,品牌房企",245.0,10.085809109330082,5.5012582105447265,4.584967478670571
576,中旅·阿那亚·九龙湖,花都,鸿鹤路微澜苑,待售,23000.0,4,477.5,"住宅,绿化率高,低密居所,国央企,置换改善",1125.0,10.043249494911286,7.025538314638521,6.168564159920785
577,天健东玥台,增城,中新地铁站A口,待售,18339.0,3,109.0,"底商,车位充足,小型社区,国央企,品牌房企",337.5,9.816785218696834,5.821565510312585,4.6913478822291435
578,珠江广场,海珠,海珠区滨江东路835号,在售,80000.0,1,88.5,"住宅,人车分流,大型社区,近地铁,地铁沿线",689.0,11.289781913656018,6.535241271013659,4.483002552013883
579,保利招商华发中央公馆,黄埔,护林路保利招商华发中央公馆,在售,45000.0,2,120.0,"住宅,绿化率高,人车分流,国央企,品牌房企",465.0,10.714417768752456,6.142037405587356,4.787491742782046
580,品越华府,海珠,金运路1号,在售,140000.0,5,325.0,"住宅,车位充足,人车分流,国央企,品牌房企",4700.0,11.84939770159144,8.45531778769815,5.783825182329737
581,城投湖山雅筑,花都,商业大道城投湖山雅筑,在售,23000.0,3,113.5,"住宅,车位充足,绿化率高,国央企,品牌房企",272.5,10.043249494911286,5.607638614103299,4.7318028369214575
582,知城翰林湖畔,黄埔,创新大道知城翰林湖畔,待售,18339.0,3,109.0,"住宅,小型社区,地铁沿线,公交直达,综合商场",337.5,9.816785218696834,5.821565510312585,4.6913478822291435
583,中建一城江山海,黄埔,红山街道中建一城江山海,待售,18339.0,3,109.0,"住宅,车位充足,绿化率高,国央企,养老舒适",337.5,9.816785218696834,5.821565510312585,4.6913478822291435
584,保利锦上印,荔湾,东漖街保利锦上印,待售,18339.0,3,109.0,"商业类,人车分流,大型社区,国央企,品牌房企",337.5,9.816785218696834,5.821565510312585,4.6913478822291435
585,越秀万博城,番禺,番禺大道北越秀·万博城,在售,51000.0,4,145.5,"住宅,车位充足,绿化率高,国央企,品牌房企",740.0,10.839580911706463,6.606650186198215,4.980176086611547
586,中国铁建花语上城,南沙,广州南沙蕉门河凤凰大道滨海实验学校（海语校区）对面,在售,28500.0,3,119.0,"住宅,车位充足,人车分流,国央企,品牌房企",347.5,10.25765936625674,5.850764665004847,4.77912349311153
587,越秀·大学城·和樾府·飞鸟集,番禺,兴业大道越秀·大学城·和樾府,在售,20000.0,1,40.5,"商业类,车位充足,人车分流,国央企,品牌房企",83.0,9.903487552536127,4.418840607796597,3.7013019741124933
588,中铁阅江来,南沙,黄阁南路中铁阅江来,待售,18339.0,1,47.0,"底商,车位充足,人车分流,国央企,品牌房企",337.5,9.816785218696834,5.821565510312585,3.8501476017100584
589,长兴智汇商务中心,天河,广州市天河区长福路219号,待售,18339.0,3,109.0,"商业类,小型社区,近地铁,地铁沿线,综合商场",337.5,9.816785218696834,5.821565510312585,4.6913478822291435
590,长兴智汇商务中心,天河,广州市天河区长福路219号,待售,18339.0,3,109.0,"住宅,小型社区,近地铁,地铁沿线,综合商场",337.5,9.816785218696834,5.821565510312585,4.6913478822291435
591,颐和盛世,花都,炭步镇817乡道,待售,18339.0,3,109.0,"商业类,大型社区,国央企,品牌房企,综合商场",337.5,9.816785218696834,5.821565510312585,4.6913478822291435
592,创基天峰,增城,荔城街增城大道134号,待售,18339.0,3,109.0,"商业类,车位充足,小型社区,近地铁,地铁沿线",337.5,9.816785218696834,5.821565510312585,4.6913478822291435
593,岭胜广场,黄埔,联和街道岭胜广场,待售,18339.0,3,109.0,"商业类,小型社区,近地铁,地铁沿线,超市",337.5,9.816785218696834,5.821565510312585,4.6913478822291435
594,大湾区诺德云城,白云,广东省广州市白云区棠乐路165号,待售,18339.0,3,109.0,"商业类,小型社区,国央企,品牌房企,近地铁",337.5,9.816785218696834,5.821565510312585,4.6913478822291435
595,中建天钰,海珠,南石头街道中建天钰,待售,18339.0,3,109.0,"住宅,小型社区,国央企,品牌房企,近地铁",337.5,9.816785218696834,5.821565510312585,4.6913478822291435
597,城隆大厦,天河,广东省广州市天河区员村五横路自编3号,待售,18339.0,3,109.0,"商业类,人车分流,小型社区,国央企,品牌房企",337.5,9.816785218696834,5.821565510312585,4.6913478822291435
598,大壮名城·名门,黄埔,揽月路大壮名城二期,在售,55000.0,3,115.5,"住宅,车位充足,绿化率高,近地铁,地铁沿线",655.0,10.915088464214607,6.484635235635252,4.749270529961848
599,雍晟河滨广场,从化,城南路雍晟河滨广场,待售,18339.0,3,78.0,"住宅,人车分流,小型社区,品牌房企,地铁沿线",337.5,9.816785218696834,5.821565510312585,4.356708826689592
600,智都绿城凤凰于飞,花都,广东省广州市花都区凤凰北路,在售,23000.0,3,126.0,"住宅,车位充足,人车分流,国央企,品牌房企",299.5,10.043249494911286,5.702114417555504,4.836281906951478
601,广州城投禧悦时光,花都,花都区新雅街道安雅路1号,在售,17000.0,3,98.0,"住宅,低单价,低总价,绿化率高,人车分流",165.0,9.740968623038352,5.10594547390058,4.584967478670571
602,广地花园,番禺,广东省广州市番禺区,在售,45000.0,3,109.0,"底商,车位充足,大型社区,品牌房企,地铁沿线",500.0,10.714417768752456,6.214608098422191,4.6913478822291435
603,保利珠江天悦,荔湾,白鹅潭CBD国际健康医药港港湾旁,在售,60000.0,3,173.0,"住宅,车位充足,绿化率高,国央企,品牌房企",1035.0,11.002099841204238,6.942156705699469,5.153291594497778
604,中建海丝城,黄埔,广州市黄埔区黄埔东路1568号,在售,35000.0,3,97.5,"住宅,绿化率高,人车分流,国央企,品牌房企",345.0,10.46310334047155,5.843544417031359,4.579852378003801
605,益云科创中心,白云,广东省广州市白云区大源街道益云科创中心(建设中),待售,18339.0,3,109.0,"商业类,车位充足,人车分流,地铁沿线,超市",337.5,9.816785218696834,5.821565510312585,4.6913478822291435
606,招商臻园,增城,永宁街新福路,待售,18339.0,3,109.0,"商业,车位充足,人车分流,国央企,品牌房企",337.5,9.816785218696834,5.821565510312585,4.6913478822291435
607,广州城投禧悦府,增城,汽车城大道广州城投禧阅盛汇,在售,38000.0,3,109.0,"底商,大型社区,国央企,品牌房企,近地铁",240.0,10.545341438708522,5.480638923341991,4.6913478822291435
608,中新知识城国际领军人才集聚区,黄埔,广东省广州市黄埔区中新广州知识城凤凰四路17号,待售,18339.0,3,109.0,"商业类,小型社区,近地铁,地铁沿线,综合商场",337.5,9.816785218696834,5.821565510312585,4.6913478822291435
609,中旅璞樾天序,花都,广州市花都区秀全三街1-38号,在售,21000.0,3,108.5,"住宅,低总价,人车分流,大型社区,国央企",202.5,9.95227771670556,5.310739886546593,4.686750172980514
610,保利雅郡,荔湾,鹤洞路保利雅郡,在售,45000.0,3,89.0,"住宅,绿化率高,人车分流,国央企,品牌房企",449.0,10.714417768752456,6.107022887742254,4.48863636973214
611,花都城投翰林世家,花都,平西村十二队二街花都城投翰林世家,在售,18000.0,4,151.0,"住宅,车位充足,绿化率高,国央企,品牌房企",290.0,9.798127036878302,5.66988092298052,5.017279836814924
612,增江创业广场,增城,纬六路增江创业广场,在售,7850.0,1,40.0,"商业类,人车分流,小型社区,公交直达,小户型",31.5,8.968268810776454,3.449987545831587,3.6888794541139363
613,太古仓壹号,海珠,海珠区龙凤街金沙社区革新路,待售,18339.0,3,109.0,"商业类,车位充足,小型社区,国央企,品牌房企",337.5,9.816785218696834,5.821565510312585,4.6913478822291435
614,广开云翰,黄埔,龙湖街道广开云翰,待售,18339.0,3,109.0,"住宅,小型社区,国央企,地铁沿线,公交直达",337.5,9.816785218696834,5.821565510312585,4.6913478822291435
615,智都越秀臻智府,花都,广东省广州市花都区永利路,待售,18339.0,3,109.0,"住宅,人车分流,小型社区,国央企,品牌房企",337.5,9.816785218696834,5.821565510312585,4.6913478822291435
616,珠江壹城·禧悦花园,从化,14号线神岗地铁站B出口,在售,28000.0,1,31.0,"商业,车位充足,人车分流,品牌房企,近地铁",62.0,10.239959789157341,4.127134385045092,3.4339872044851463
617,保利翔龙天汇,黄埔,广汕公路黄陂地铁站B出口(第一一七中学旁),在售,27000.0,3,109.0,"底商,车位充足,人车分流,国央企,品牌房企",500.0,10.203592144986466,6.214608098422191,4.6913478822291435
